Workbook

Sheet ProduitsFinis
A1: Temps_arrivee | B1: Nom | C1: Quantite | D1: Heure | E1: Type | F1: Categorie
A2: =(D2*24-8)*3600 -> 6 | B2: Colis | C2: 1 | D2: 0.33340278 | E2: 2 | F2: =VLOOKUP(E2,TypesColis!$A$2:$B$4,2,FALSE) -> moyen
A3: =(D3*24-8)*3600 -> 6 | B3: Colis | C3: 1 | D3: 0.33340278 | E3: 3 | F3: =VLOOKUP(E3,TypesColis!$A$2:$B$4,2,FALSE) -> léger
A4: =(D4*24-8)*3600 -> 17 | B4: Colis | C4: 1 | D4: 0.33353009 | E4: 1 | F4: =VLOOKUP(E4,TypesColis!$A$2:$B$4,2,FALSE) -> lourd
A5: =(D5*24-8)*3600 -> 25 | B5: Colis | C5: 1 | D5: 0.33362269 | E5: 3 | F5: =VLOOKUP(E5,TypesColis!$A$2:$B$4,2,FALSE) -> léger
A6: =(D6*24-8)*3600 -> 65 | B6: Colis | C6: 1 | D6: 0.33408565 | E6: 3 | F6: =VLOOKUP(E6,TypesColis!$A$2:$B$4,2,FALSE) -> léger
A7: =(D7*24-8)*3600 -> 70 | B7: Colis | C7: 1 | D7: 0.33414352 | E7: 2 | F7: =VLOOKUP(E7,TypesColis!$A$2:$B$4,2,FALSE) -> moyen
A8: =(D8*24-8)*3600 -> 87 | B8: Colis | C8: 1 | D8: 0.33434028 | E8: 3 | F8: =VLOOKUP(E8,TypesColis!$A$2:$B$4,2,FALSE) -> léger
A9: =(D9*24-8)*3600 -> 87 | B9: Colis | C9: 1 | D9: 0.33434028 | E9: 2 | F9: =VLOOKUP(E9,TypesColis!$A$2:$B$4,2,FALSE) -> moyen
A10: =(D10*24-8)*3600 -> 903 | B10: Colis | C10: 1 | D10: 0.34378472 | E10: 2 | F10: =VLOOKUP(E10,TypesColis!$A$2:$B$4,2,FALSE) -> moyen
A11: =(D11*24-8)*3600 -> 937 | B11: Colis | C11: 1 | D11: 0.34417824 | E11: 1 | F11: =VLOOKUP(E11,TypesColis!$A$2:$B$4,2,FALSE) -> lourd
A12: =(D12*24-8)*3600 -> 926 | B12: Colis | C12: 1 | D12: 0.34405093 | E12: 2 | F12: =VLOOKUP(E12,TypesColis!$A$2:$B$4,2,FALSE) -> moyen
A13: =(D13*24-8)*3600 -> 954 | B13: Colis | C13: 1 | D13: 0.344375 | E13: 3 | F13: =VLOOKUP(E13,TypesColis!$A$2:$B$4,2,FALSE) -> léger
... A41: =(D41*24-8)*3600 -> 32370 | B41: Colis | C41: 1 | D41: 0.70798611 | E41: 1 | F41: =VLOOKUP(E41,TypesColis!$A$2:$B$4,2,FALSE) -> lourd

Sheet Operations
B1: Temps (s) | C1: Commentaires
A2: Chargement | B2: 5 | C2: temps de chargement d'un colis par le cariste
A3: Déchargement | B3: 8 | C3: temps de déchargement d'un colis par le cariste

Sheet TypesColis
A1: Type | B1: Categorie
A2: 1 | B2: lourd
A3: 2 | B3: moyen
A4: 3 | B4: léger
