Workbook

Sheet Saisie
A1: Flash mesure en aveugle · saisie des mesures (fiche A du livret)
A2: CQPM Technicien Qualité TQ6 · 5 novembre 2026 · petit diamètre des butées, en mm
A3: Mode d'emploi
A4: 1. Chaque stagiaire saisit SES 6 mesures sur SA ligne, dans les cases jaunes. Virgule décimale : 11,88.
A5: 2. Les valeurs disparaissent dès qu'on valide (mesure en aveugle). La colonne « Mesures » compte vos 6 mesures, sans le n° du micromètre.
A6: 3. Une valeur hors de 11,70 à 12,10 mm est refusée (faute de frappe probable). Pour corriger : sélectionner la case et retaper.
A7: 4. Quand la colonne « Mesures » affiche 6 partout, le formateur passe sur l'onglet « Projection » et choisit OUI dans « Révéler ».
A9: Stagiaire | B9: Prénom (facultatif) | C9: N° du micromètre | D9: Butée 1 pied | E9: Butée 2 pied | F9: Butée 3 pied | G9: Butée 4 pied | H9: Butée 5 pied | I9: Butée 1 micromètre | J9: Mesures (sur 6)
A10: 1 | J10: =COUNT(D10,E10,F10,G10,H10,I10) -> 0
A11: 2 | J11: =COUNT(D11,E11,F11,G11,H11,I11) -> 0
A12: 3 | J12: =COUNT(D12,E12,F12,G12,H12,I12) -> 0
A13: 4 | J13: =COUNT(D13,E13,F13,G13,H13,I13) -> 0
A14: 5 | J14: =COUNT(D14,E14,F14,G14,H14,I14) -> 0
A15: 6 | J15: =COUNT(D15,E15,F15,G15,H15,I15) -> 0
A16: Total | J16: =SUM(J10:J15)&" / 36" -> 0 / 36
A18: Exemple de saisie (ne pas remplir ici) : M3 ; pied 11,88 · 11,90 · 11,86 · 11,92 · 11,88 ; micromètre 11,874.
A19: Cases jaunes : à remplir. Les autres cases sont calculées. Le pied à coulisse lit au 0,02 mm, le micromètre au 0,001 mm.

Sheet Projection
A1: Flash mesure en aveugle · la grille du groupe
A2: Butées n° 1 à 5 au pied à coulisse, butée n° 1 au micromètre · petit diamètre (mm) · tolérance 11,85 / 12,00
A3: Révéler les valeurs ? | C3: NON | E3: =Saisie!J16&" mesures saisies" -> 0 / 36 mesures saisies
A5: Stagiaire | B5: Butée 1 pied | C5: Butée 2 pied | D5: Butée 3 pied | E5: Butée 4 pied | F5: Butée 5 pied | G5: Butée 1 micromètre | H5: Écart sur mes 5 butées (pied)
A6: =IF(Saisie!B10="",1,1&" · "&Saisie!B10) -> 1 | B6: =IF(Saisie!D10="","",IF($C$3="OUI",Saisie!D10,"✓")) | C6: =IF(Saisie!E10="","",IF($C$3="OUI",Saisie!E10,"✓")) | D6: =IF(Saisie!F10="","",IF($C$3="OUI",Saisie!F10,"✓")) | E6: =IF(Saisie!G10="","",IF($C$3="OUI",Saisie!G10,"✓")) | F6: =IF(Saisie!H10="","",IF($C$3="OUI",Saisie!H10,"✓")) | G6: =IF(Saisie!I10="","",IF($C$3="OUI",Saisie!I10,"✓")) | H6: =IF(AND($C$3="OUI",COUNT(Saisie!D10:H10)=5),ROUND(MAX(Saisie!D10:H10)-MIN(Saisie!D10:H10),3),"")
A7: =IF(Saisie!B11="",2,2&" · "&Saisie!B11) -> 2 | B7: =IF(Saisie!D11="","",IF($C$3="OUI",Saisie!D11,"✓")) | C7: =IF(Saisie!E11="","",IF($C$3="OUI",Saisie!E11,"✓")) | D7: =IF(Saisie!F11="","",IF($C$3="OUI",Saisie!F11,"✓")) | E7: =IF(Saisie!G11="","",IF($C$3="OUI",Saisie!G11,"✓")) | F7: =IF(Saisie!H11="","",IF($C$3="OUI",Saisie!H11,"✓")) | G7: =IF(Saisie!I11="","",IF($C$3="OUI",Saisie!I11,"✓")) | H7: =IF(AND($C$3="OUI",COUNT(Saisie!D11:H11)=5),ROUND(MAX(Saisie!D11:H11)-MIN(Saisie!D11:H11),3),"")
A8: =IF(Saisie!B12="",3,3&" · "&Saisie!B12) -> 3 | B8: =IF(Saisie!D12="","",IF($C$3="OUI",Saisie!D12,"✓")) | C8: =IF(Saisie!E12="","",IF($C$3="OUI",Saisie!E12,"✓")) | D8: =IF(Saisie!F12="","",IF($C$3="OUI",Saisie!F12,"✓")) | E8: =IF(Saisie!G12="","",IF($C$3="OUI",Saisie!G12,"✓")) | F8: =IF(Saisie!H12="","",IF($C$3="OUI",Saisie!H12,"✓")) | G8: =IF(Saisie!I12="","",IF($C$3="OUI",Saisie!I12,"✓")) | H8: =IF(AND($C$3="OUI",COUNT(Saisie!D12:H12)=5),ROUND(MAX(Saisie!D12:H12)-MIN(Saisie!D12:H12),3),"")
A9: =IF(Saisie!B13="",4,4&" · "&Saisie!B13) -> 4 | B9: =IF(Saisie!D13="","",IF($C$3="OUI",Saisie!D13,"✓")) | C9: =IF(Saisie!E13="","",IF($C$3="OUI",Saisie!E13,"✓")) | D9: =IF(Saisie!F13="","",IF($C$3="OUI",Saisie!F13,"✓")) | E9: =IF(Saisie!G13="","",IF($C$3="OUI",Saisie!G13,"✓")) | F9: =IF(Saisie!H13="","",IF($C$3="OUI",Saisie!H13,"✓")) | G9: =IF(Saisie!I13="","",IF($C$3="OUI",Saisie!I13,"✓")) | H9: =IF(AND($C$3="OUI",COUNT(Saisie!D13:H13)=5),ROUND(MAX(Saisie!D13:H13)-MIN(Saisie!D13:H13),3),"")
A10: =IF(Saisie!B14="",5,5&" · "&Saisie!B14) -> 5 | B10: =IF(Saisie!D14="","",IF($C$3="OUI",Saisie!D14,"✓")) | C10: =IF(Saisie!E14="","",IF($C$3="OUI",Saisie!E14,"✓")) | D10: =IF(Saisie!F14="","",IF($C$3="OUI",Saisie!F14,"✓")) | E10: =IF(Saisie!G14="","",IF($C$3="OUI",Saisie!G14,"✓")) | F10: =IF(Saisie!H14="","",IF($C$3="OUI",Saisie!H14,"✓")) | G10: =IF(Saisie!I14="","",IF($C$3="OUI",Saisie!I14,"✓")) | H10: =IF(AND($C$3="OUI",COUNT(Saisie!D14:H14)=5),ROUND(MAX(Saisie!D14:H14)-MIN(Saisie!D14:H14),3),"")
A11: =IF(Saisie!B15="",6,6&" · "&Saisie!B15) -> 6 | B11: =IF(Saisie!D15="","",IF($C$3="OUI",Saisie!D15,"✓")) | C11: =IF(Saisie!E15="","",IF($C$3="OUI",Saisie!E15,"✓")) | D11: =IF(Saisie!F15="","",IF($C$3="OUI",Saisie!F15,"✓")) | E11: =IF(Saisie!G15="","",IF($C$3="OUI",Saisie!G15,"✓")) | F11: =IF(Saisie!H15="","",IF($C$3="OUI",Saisie!H15,"✓")) | G11: =IF(Saisie!I15="","",IF($C$3="OUI",Saisie!I15,"✓")) | H11: =IF(AND($C$3="OUI",COUNT(Saisie!D15:H15)=5),ROUND(MAX(Saisie!D15:H15)-MIN(Saisie!D15:H15),3),"")
A12: Écart maxi (colonne) | B12: =IF(AND($C$3="OUI",COUNT(Saisie!D10:D15)>=2),ROUND(MAX(Saisie!D10:D15)-MIN(Saisie!D10:D15),3),"") | C12: =IF(AND($C$3="OUI",COUNT(Saisie!E10:E15)>=2),ROUND(MAX(Saisie!E10:E15)-MIN(Saisie!E10:E15),3),"") | D12: =IF(AND($C$3="OUI",COUNT(Saisie!F10:F15)>=2),ROUND(MAX(Saisie!F10:F15)-MIN(Saisie!F10:F15),3),"") | E12: =IF(AND($C$3="OUI",COUNT(Saisie!G10:G15)>=2),ROUND(MAX(Saisie!G10:G15)-MIN(Saisie!G10:G15),3),"") | F12: =IF(AND($C$3="OUI",COUNT(Saisie!H10:H15)>=2),ROUND(MAX(Saisie!H10:H15)-MIN(Saisie!H10:H15),3),"") | G12: =IF(AND($C$3="OUI",COUNT(Saisie!I10:I15)>=2),ROUND(MAX(Saisie!I10:I15)-MIN(Saisie!I10:I15),3),"")
A13: Valeurs | B13: =COUNT(Saisie!D10:D15) -> 0 | C13: =COUNT(Saisie!E10:E15) -> 0 | D13: =COUNT(Saisie!F10:F15) -> 0 | E13: =COUNT(Saisie!G10:G15) -> 0 | F13: =COUNT(Saisie!H10:H15) -> 0 | G13: =COUNT(Saisie!I10:I15) -> 0
A15: Lecture
A16: Butée 1, écart entre personnes au pied à coulisse : | G16: =IF(AND($C$3="OUI",COUNT(Saisie!D10:D15)>=2),ROUND(MAX(Saisie!D10:D15)-MIN(Saisie!D10:D15),3),"") | H16: mm
A17: Butée 1, écart entre personnes au micromètre : | G17: =IF(AND($C$3="OUI",COUNT(Saisie!I10:I15)>=2),ROUND(MAX(Saisie!I10:I15)-MIN(Saisie!I10:I15),3),"") | H17: mm
A18: Moyenne des écarts en colonne (même butée, six personnes) : | G18: =IF(AND($C$3="OUI",COUNT(B12:F12)>=1),AVERAGE(B12:F12),"") | H18: mm
A19: Moyenne des écarts en ligne (même personne, cinq butées) : | G19: =IF(AND($C$3="OUI",COUNT(H6:H11)>=1),AVERAGE(H6:H11),"") | H19: mm
A21: Questions de la fiche A : quelle est la vraie valeur de la butée n° 1 ? Qu'est-ce qui varie le plus, les pièces ou les mesures ? Quel instrument pour 11,85 / 12,00 ?
A24: Couleurs après révélation : dans chaque colonne, bleu = plus petites valeurs, orange = plus grandes. Valeur en rouge gras : hors tolérance.
