Workbook

Sheet Lot
A1: Echantillon | B1: P1 | C1: P2 | D1: P3 | E1: P4 | F1: P5 | G1: Moyenne | H1: Etendue | P1: LC | Q1: LCS AFNOR | R1: LCI AFNOR | S1: LSS AFNOR | T1: LSI AFNOR | U1: LCS 3σ | V1: LCI 3σ | W1: R barre | X1: LC2 AFNOR | Y1: LS2 AFNOR | Z1: LCS R 3σ
A2: 1 | B2: 11.87 | C2: 11.86 | D2: 11.84 | E2: 11.88 | F2: 11.87 | G2: =IF(COUNT(B2:F2)<5,NA(),AVERAGE(B2:F2)) -> 11.864 | H2: =IF(COUNT(B2:F2)<5,NA(),MAX(B2:F2)-MIN(B2:F2)) -> 0.04 | J2: TI | K2: 11.85 | M2: X double barre | N2: =_xlfn.AGGREGATE(1,6,G2:G11) -> 11.886667 | P2: =$N$2 -> 11.886667 | Q2: =$N$2+$N$12*$N$3 -> 11.916367 | R2: =$N$2-$N$12*$N$3 -> 11.856967 | S2: =$N$2+$N$13*$N$3 -> 11.905517 | T2: =$N$2-$N$13*$N$3 -> 11.867817 | U2: =$N$2+$N$16*$N$3 -> 11.915517 | V2: =$N$2-$N$16*$N$3 -> 11.857817 | W2: =$N$3 -> 0.05 | X2: =$N$14*$N$3 -> 0.118 | Y2: =$N$15*$N$3 -> 0.0905 | Z2: =$N$17*$N$3 -> 0.1057
A3: 2 | B3: 11.87 | C3: 11.85 | D3: 11.86 | E3: 11.84 | F3: 11.89 | G3: =IF(COUNT(B3:F3)<5,NA(),AVERAGE(B3:F3)) -> 11.862 | H3: =IF(COUNT(B3:F3)<5,NA(),MAX(B3:F3)-MIN(B3:F3)) -> 0.05 | J3: TS | K3: 12 | M3: R barre | N3: =_xlfn.AGGREGATE(1,6,H2:H11) -> 0.05 | P3: =$N$2 -> 11.886667 | Q3: =$N$2+$N$12*$N$3 -> 11.916367 | R3: =$N$2-$N$12*$N$3 -> 11.856967 | S3: =$N$2+$N$13*$N$3 -> 11.905517 | T3: =$N$2-$N$13*$N$3 -> 11.867817 | U3: =$N$2+$N$16*$N$3 -> 11.915517 | V3: =$N$2-$N$16*$N$3 -> 11.857817 | W3: =$N$3 -> 0.05 | X3: =$N$14*$N$3 -> 0.118 | Y3: =$N$15*$N$3 -> 0.0905 | Z3: =$N$17*$N$3 -> 0.1057
A4: 3 | B4: 11.91 | C4: 11.9 | D4: 11.86 | E4: 11.88 | F4: 11.87 | G4: =IF(COUNT(B4:F4)<5,NA(),AVERAGE(B4:F4)) -> 11.884 | H4: =IF(COUNT(B4:F4)<5,NA(),MAX(B4:F4)-MIN(B4:F4)) -> 0.05 | J4: Nombre de mesures | K4: =COUNT(B2:F11) -> 30 | M4: d2 (n = 5) | N4: 2.326 | P4: =$N$2 -> 11.886667 | Q4: =$N$2+$N$12*$N$3 -> 11.916367 | R4: =$N$2-$N$12*$N$3 -> 11.856967 | S4: =$N$2+$N$13*$N$3 -> 11.905517 | T4: =$N$2-$N$13*$N$3 -> 11.867817 | U4: =$N$2+$N$16*$N$3 -> 11.915517 | V4: =$N$2-$N$16*$N$3 -> 11.857817 | W4: =$N$3 -> 0.05 | X4: =$N$14*$N$3 -> 0.118 | Y4: =$N$15*$N$3 -> 0.0905 | Z4: =$N$17*$N$3 -> 0.1057
A5: 4 | B5: 11.89 | C5: 11.91 | D5: 11.89 | E5: 11.88 | F5: 11.92 | G5: =IF(COUNT(B5:F5)<5,NA(),AVERAGE(B5:F5)) -> 11.898 | H5: =IF(COUNT(B5:F5)<5,NA(),MAX(B5:F5)-MIN(B5:F5)) -> 0.04 | J5: Moyenne | K5: =AVERAGE(B2:F11) -> 11.886667 | M5: σ instantané | N5: =N3/N4 -> 0.021496131 | P5: =$N$2 -> 11.886667 | Q5: =$N$2+$N$12*$N$3 -> 11.916367 | R5: =$N$2-$N$12*$N$3 -> 11.856967 | S5: =$N$2+$N$13*$N$3 -> 11.905517 | T5: =$N$2-$N$13*$N$3 -> 11.867817 | U5: =$N$2+$N$16*$N$3 -> 11.915517 | V5: =$N$2-$N$16*$N$3 -> 11.857817 | W5: =$N$3 -> 0.05 | X5: =$N$14*$N$3 -> 0.118 | Y5: =$N$15*$N$3 -> 0.0905 | Z5: =$N$17*$N$3 -> 0.1057
A6: 5 | B6: 11.91 | C6: 11.92 | D6: 11.93 | E6: 11.89 | F6: 11.9 | G6: =IF(COUNT(B6:F6)<5,NA(),AVERAGE(B6:F6)) -> 11.91 | H6: =IF(COUNT(B6:F6)<5,NA(),MAX(B6:F6)-MIN(B6:F6)) -> 0.04 | J6: Écart-type s | K6: =_xlfn.STDEV.S(B2:F11) -> 0.026435782 | M6: Cp | N6: =($K$3-$K$2)/(6*N5) -> 1.163 | P6: =$N$2 -> 11.886667 | Q6: =$N$2+$N$12*$N$3 -> 11.916367 | R6: =$N$2-$N$12*$N$3 -> 11.856967 | S6: =$N$2+$N$13*$N$3 -> 11.905517 | T6: =$N$2-$N$13*$N$3 -> 11.867817 | U6: =$N$2+$N$16*$N$3 -> 11.915517 | V6: =$N$2-$N$16*$N$3 -> 11.857817 | W6: =$N$3 -> 0.05 | X6: =$N$14*$N$3 -> 0.118 | Y6: =$N$15*$N$3 -> 0.0905 | Z6: =$N$17*$N$3 -> 0.1057
A7: 6 | B7: 11.85 | C7: 11.91 | D7: 11.92 | E7: 11.93 | F7: 11.9 | G7: =IF(COUNT(B7:F7)<5,NA(),AVERAGE(B7:F7)) -> 11.902 | H7: =IF(COUNT(B7:F7)<5,NA(),MAX(B7:F7)-MIN(B7:F7)) -> 0.08 | J7: Plus petite | K7: =MIN(B2:F11) -> 11.84 | M7: Cpk | N7: =MIN($K$3-N2,N2-$K$2)/(3*N5) -> 0.56857778 | P7: =$N$2 -> 11.886667 | Q7: =$N$2+$N$12*$N$3 -> 11.916367 | R7: =$N$2-$N$12*$N$3 -> 11.856967 | S7: =$N$2+$N$13*$N$3 -> 11.905517 | T7: =$N$2-$N$13*$N$3 -> 11.867817 | U7: =$N$2+$N$16*$N$3 -> 11.915517 | V7: =$N$2-$N$16*$N$3 -> 11.857817 | W7: =$N$3 -> 0.05 | X7: =$N$14*$N$3 -> 0.118 | Y7: =$N$15*$N$3 -> 0.0905 | Z7: =$N$17*$N$3 -> 0.1057
A8: 7 | G8: =IF(COUNT(B8:F8)<5,NA(),AVERAGE(B8:F8)) -> #N/A | H8: =IF(COUNT(B8:F8)<5,NA(),MAX(B8:F8)-MIN(B8:F8)) -> #N/A | J8: Plus grande | K8: =MAX(B2:F11) -> 11.93 | M8: Pp | N8: =($K$3-$K$2)/(6*K6) -> 0.94568793 | P8: =$N$2 -> 11.886667 | Q8: =$N$2+$N$12*$N$3 -> 11.916367 | R8: =$N$2-$N$12*$N$3 -> 11.856967 | S8: =$N$2+$N$13*$N$3 -> 11.905517 | T8: =$N$2-$N$13*$N$3 -> 11.867817 | U8: =$N$2+$N$16*$N$3 -> 11.915517 | V8: =$N$2-$N$16*$N$3 -> 11.857817 | W8: =$N$3 -> 0.05 | X8: =$N$14*$N$3 -> 0.118 | Y8: =$N$15*$N$3 -> 0.0905 | Z8: =$N$17*$N$3 -> 0.1057
A9: 8 | G9: =IF(COUNT(B9:F9)<5,NA(),AVERAGE(B9:F9)) -> #N/A | H9: =IF(COUNT(B9:F9)<5,NA(),MAX(B9:F9)-MIN(B9:F9)) -> #N/A | J9: 6 s | K9: =6*K6 -> 0.15861469 | M9: Ppk | N9: =MIN($K$3-K5,K5-$K$2)/(3*K6) -> 0.46233632 | P9: =$N$2 -> 11.886667 | Q9: =$N$2+$N$12*$N$3 -> 11.916367 | R9: =$N$2-$N$12*$N$3 -> 11.856967 | S9: =$N$2+$N$13*$N$3 -> 11.905517 | T9: =$N$2-$N$13*$N$3 -> 11.867817 | U9: =$N$2+$N$16*$N$3 -> 11.915517 | V9: =$N$2-$N$16*$N$3 -> 11.857817 | W9: =$N$3 -> 0.05 | X9: =$N$14*$N$3 -> 0.118 | Y9: =$N$15*$N$3 -> 0.0905 | Z9: =$N$17*$N$3 -> 0.1057
A10: 9 | G10: =IF(COUNT(B10:F10)<5,NA(),AVERAGE(B10:F10)) -> #N/A | H10: =IF(COUNT(B10:F10)<5,NA(),MAX(B10:F10)-MIN(B10:F10)) -> #N/A | P10: =$N$2 -> 11.886667 | Q10: =$N$2+$N$12*$N$3 -> 11.916367 | R10: =$N$2-$N$12*$N$3 -> 11.856967 | S10: =$N$2+$N$13*$N$3 -> 11.905517 | T10: =$N$2-$N$13*$N$3 -> 11.867817 | U10: =$N$2+$N$16*$N$3 -> 11.915517 | V10: =$N$2-$N$16*$N$3 -> 11.857817 | W10: =$N$3 -> 0.05 | X10: =$N$14*$N$3 -> 0.118 | Y10: =$N$15*$N$3 -> 0.0905 | Z10: =$N$17*$N$3 -> 0.1057
A11: 10 | G11: =IF(COUNT(B11:F11)<5,NA(),AVERAGE(B11:F11)) -> #N/A | H11: =IF(COUNT(B11:F11)<5,NA(),MAX(B11:F11)-MIN(B11:F11)) -> #N/A | M11: Coefficients n = 5 | P11: =$N$2 -> 11.886667 | Q11: =$N$2+$N$12*$N$3 -> 11.916367 | R11: =$N$2-$N$12*$N$3 -> 11.856967 | S11: =$N$2+$N$13*$N$3 -> 11.905517 | T11: =$N$2-$N$13*$N$3 -> 11.867817 | U11: =$N$2+$N$16*$N$3 -> 11.915517 | V11: =$N$2-$N$16*$N$3 -> 11.857817 | W11: =$N$3 -> 0.05 | X11: =$N$14*$N$3 -> 0.118 | Y11: =$N$15*$N$3 -> 0.0905 | Z11: =$N$17*$N$3 -> 0.1057
J12: Borne basse | K12: Borne haute | L12: Effectif | M12: A'c | N12: 0.594
A13: Corrigé formateur. Lignes 8 à 11 (orange) : saisir les mesures des butées 1 à 20 du jour. Tant qu'une ligne est incomplète, ses moyenne et étendue affichent #N/A, ignorées par les calculs (AGREGAT). | J13: 11.825 | K13: =J13+0.01 -> 11.835 | L13: =COUNTIFS($B$2:$F$11,">="&J13,$B$2:$F$11,"<"&K13) -> 0 | M13: A's | N13: 0.377
J14: =K13 -> 11.835 | K14: =J14+0.01 -> 11.845 | L14: =COUNTIFS($B$2:$F$11,">="&J14,$B$2:$F$11,"<"&K14) -> 2 | M14: D'c2 | N14: 2.36
J15: =K14 -> 11.845 | K15: =J15+0.01 -> 11.855 | L15: =COUNTIFS($B$2:$F$11,">="&J15,$B$2:$F$11,"<"&K15) -> 2 | M15: D's2 | N15: 1.81
J16: =K15 -> 11.855 | K16: =J16+0.01 -> 11.865 | L16: =COUNTIFS($B$2:$F$11,">="&J16,$B$2:$F$11,"<"&K16) -> 3 | M16: A2 | N16: 0.577
J17: =K16 -> 11.865 | K17: =J17+0.01 -> 11.875 | L17: =COUNTIFS($B$2:$F$11,">="&J17,$B$2:$F$11,"<"&K17) -> 4 | M17: D4 | N17: 2.114
J18: =K17 -> 11.875 | K18: =J18+0.01 -> 11.885 | L18: =COUNTIFS($B$2:$F$11,">="&J18,$B$2:$F$11,"<"&K18) -> 3
J19: =K18 -> 11.885 | K19: =J19+0.01 -> 11.895 | L19: =COUNTIFS($B$2:$F$11,">="&J19,$B$2:$F$11,"<"&K19) -> 4
J20: =K19 -> 11.895 | K20: =J20+0.01 -> 11.905 | L20: =COUNTIFS($B$2:$F$11,">="&J20,$B$2:$F$11,"<"&K20) -> 3
J21: =K20 -> 11.905 | K21: =J21+0.01 -> 11.915 | L21: =COUNTIFS($B$2:$F$11,">="&J21,$B$2:$F$11,"<"&K21) -> 4
J22: =K21 -> 11.915 | K22: =J22+0.01 -> 11.925 | L22: =COUNTIFS($B$2:$F$11,">="&J22,$B$2:$F$11,"<"&K22) -> 3
J23: =K22 -> 11.925 | K23: =J23+0.01 -> 11.935 | L23: =COUNTIFS($B$2:$F$11,">="&J23,$B$2:$F$11,"<"&K23) -> 2
J24: =K23 -> 11.935 | K24: =J24+0.01 -> 11.945 | L24: =COUNTIFS($B$2:$F$11,">="&J24,$B$2:$F$11,"<"&K24) -> 0
J25: =K24 -> 11.945 | K25: =J25+0.01 -> 11.955 | L25: =COUNTIFS($B$2:$F$11,">="&J25,$B$2:$F$11,"<"&K25) -> 0
J26: =K25 -> 11.955 | K26: =J26+0.01 -> 11.965 | L26: =COUNTIFS($B$2:$F$11,">="&J26,$B$2:$F$11,"<"&K26) -> 0
J27: =K26 -> 11.965 | K27: =J27+0.01 -> 11.975 | L27: =COUNTIFS($B$2:$F$11,">="&J27,$B$2:$F$11,"<"&K27) -> 0
J28: =K27 -> 11.975 | K28: =J28+0.01 -> 11.985 | L28: =COUNTIFS($B$2:$F$11,">="&J28,$B$2:$F$11,"<"&K28) -> 0
J29: =K28 -> 11.985 | K29: =J29+0.01 -> 11.995 | L29: =COUNTIFS($B$2:$F$11,">="&J29,$B$2:$F$11,"<"&K29) -> 0
K30: Total | L30: =SUM(L13:L29) -> 30

Sheet Henry
A1: Rang | B1: Valeur triée | C1: Fréquence | D1: z
A2: 1 | B2: =IF(A2>Lot!$K$4,NA(),SMALL(Lot!$B$2:$F$11,A2)) -> 11.84 | C2: =IF(A2>Lot!$K$4,NA(),(A2-0.5)/Lot!$K$4) -> 0.016666667 | D2: =IF(A2>Lot!$K$4,NA(),_xlfn.NORM.S.INV(C2)) -> -2.1280452
A3: 2 | B3: =IF(A3>Lot!$K$4,NA(),SMALL(Lot!$B$2:$F$11,A3)) -> 11.84 | C3: =IF(A3>Lot!$K$4,NA(),(A3-0.5)/Lot!$K$4) -> 0.05 | D3: =IF(A3>Lot!$K$4,NA(),_xlfn.NORM.S.INV(C3)) -> -1.6448536
A4: 3 | B4: =IF(A4>Lot!$K$4,NA(),SMALL(Lot!$B$2:$F$11,A4)) -> 11.85 | C4: =IF(A4>Lot!$K$4,NA(),(A4-0.5)/Lot!$K$4) -> 0.083333333 | D4: =IF(A4>Lot!$K$4,NA(),_xlfn.NORM.S.INV(C4)) -> -1.3829941
A5: 4 | B5: =IF(A5>Lot!$K$4,NA(),SMALL(Lot!$B$2:$F$11,A5)) -> 11.85 | C5: =IF(A5>Lot!$K$4,NA(),(A5-0.5)/Lot!$K$4) -> 0.11666667 | D5: =IF(A5>Lot!$K$4,NA(),_xlfn.NORM.S.INV(C5)) -> -1.1918162
A6: 5 | B6: =IF(A6>Lot!$K$4,NA(),SMALL(Lot!$B$2:$F$11,A6)) -> 11.86 | C6: =IF(A6>Lot!$K$4,NA(),(A6-0.5)/Lot!$K$4) -> 0.15 | D6: =IF(A6>Lot!$K$4,NA(),_xlfn.NORM.S.INV(C6)) -> -1.0364334
A7: 6 | B7: =IF(A7>Lot!$K$4,NA(),SMALL(Lot!$B$2:$F$11,A7)) -> 11.86 | C7: =IF(A7>Lot!$K$4,NA(),(A7-0.5)/Lot!$K$4) -> 0.18333333 | D7: =IF(A7>Lot!$K$4,NA(),_xlfn.NORM.S.INV(C7)) -> -0.90273479
A8: 7 | B8: =IF(A8>Lot!$K$4,NA(),SMALL(Lot!$B$2:$F$11,A8)) -> 11.86 | C8: =IF(A8>Lot!$K$4,NA(),(A8-0.5)/Lot!$K$4) -> 0.21666667 | D8: =IF(A8>Lot!$K$4,NA(),_xlfn.NORM.S.INV(C8)) -> -0.78350038
A9: 8 | B9: =IF(A9>Lot!$K$4,NA(),SMALL(Lot!$B$2:$F$11,A9)) -> 11.87 | C9: =IF(A9>Lot!$K$4,NA(),(A9-0.5)/Lot!$K$4) -> 0.25 | D9: =IF(A9>Lot!$K$4,NA(),_xlfn.NORM.S.INV(C9)) -> -0.67448975
A10: 9 | B10: =IF(A10>Lot!$K$4,NA(),SMALL(Lot!$B$2:$F$11,A10)) -> 11.87 | C10: =IF(A10>Lot!$K$4,NA(),(A10-0.5)/Lot!$K$4) -> 0.28333333 | D10: =IF(A10>Lot!$K$4,NA(),_xlfn.NORM.S.INV(C10)) -> -0.57296755
A11: 10 | B11: =IF(A11>Lot!$K$4,NA(),SMALL(Lot!$B$2:$F$11,A11)) -> 11.87 | C11: =IF(A11>Lot!$K$4,NA(),(A11-0.5)/Lot!$K$4) -> 0.31666667 | D11: =IF(A11>Lot!$K$4,NA(),_xlfn.NORM.S.INV(C11)) -> -0.47704043
A12: 11 | B12: =IF(A12>Lot!$K$4,NA(),SMALL(Lot!$B$2:$F$11,A12)) -> 11.87 | C12: =IF(A12>Lot!$K$4,NA(),(A12-0.5)/Lot!$K$4) -> 0.35 | D12: =IF(A12>Lot!$K$4,NA(),_xlfn.NORM.S.INV(C12)) -> -0.38532047
A13: 12 | B13: =IF(A13>Lot!$K$4,NA(),SMALL(Lot!$B$2:$F$11,A13)) -> 11.88 | C13: =IF(A13>Lot!$K$4,NA(),(A13-0.5)/Lot!$K$4) -> 0.38333333 | D13: =IF(A13>Lot!$K$4,NA(),_xlfn.NORM.S.INV(C13)) -> -0.29673784
... A51: 50 | B51: =IF(A51>Lot!$K$4,NA(),SMALL(Lot!$B$2:$F$11,A51)) -> #N/A | C51: =IF(A51>Lot!$K$4,NA(),(A51-0.5)/Lot!$K$4) -> #N/A | D51: =IF(A51>Lot!$K$4,NA(),_xlfn.NORM.S.INV(C51)) -> #N/A
