Workbook

Sheet Feuille de releves
A1: Etape 2 : FEUILLE DE RELEVES
A2: Informations objet du releve (defaut, anomalie, ...) : | G2: anomalies de livraison
A3: Unites de mesure (frequence, longueur, duree, ...) : | G3: semaines
A4: ou Attribut (bon, mauvais, ...) :
A5: Criteres de classement des attributs :
A7: Semaines / Tournees | C7: S 12 | D7: S 13 | E7: S 14 | F7: S 15 | G7: S 16 | H7: S 17 | I7: S 18 | J7: S 19 | K7: Totaux
A8: T 5 | B8: A | C8: 1 | D8: 1 | E8: 0 | F8: 1 | G8: 0 | H8: 1 | I8: 1 | J8: 0 | K8: =SUM(C8:J8) -> 5
B9: B | D9: 1 | K9: =SUM(C9:J9) -> 1
B10: C | E10: 1 | K10: =SUM(C10:J10) -> 1
B11: D | E11: 1 | H11: 1 | K11: =SUM(C11:J11) -> 2
B12: E | F12: 1 | J12: 1 | K12: =SUM(C12:J12) -> 2
B13: Tot. | C13: =SUM(C8:C12) -> 1 | D13: =SUM(D8:D12) -> 2 | E13: =SUM(E8:E12) -> 2 | F13: =SUM(F8:F12) -> 2 | G13: =SUM(G8:G12) -> 0 | H13: =SUM(H8:H12) -> 2 | I13: =SUM(I8:I12) -> 1 | J13: =SUM(J8:J12) -> 1 | K13: =SUM(K8:K12) -> 11 | L13: Total de la tournee 5
A14: T 9 | B14: A | C14: 0 | D14: 1 | E14: 1 | F14: 0 | G14: 1 | H14: 0 | I14: 1 | J14: 0 | K14: =SUM(C14:J14) -> 4
B15: B | C15: 1 | E15: 1 | H15: 1 | K15: =SUM(C15:J15) -> 3
B16: C | C16: 1 | F16: 1 | H16: 1 | K16: =SUM(C16:J16) -> 3
B17: D | J17: 1 | K17: =SUM(C17:J17) -> 1
B18: E | F18: 1 | K18: =SUM(C18:J18) -> 1
B19: Tot. | C19: =SUM(C14:C18) -> 2 | D19: =SUM(D14:D18) -> 1 | E19: =SUM(E14:E18) -> 2 | F19: =SUM(F14:F18) -> 2 | G19: =SUM(G14:G18) -> 1 | H19: =SUM(H14:H18) -> 2 | I19: =SUM(I14:I18) -> 1 | J19: =SUM(J14:J18) -> 1 | K19: =SUM(K14:K18) -> 12 | L19: Total de la tournee 9
A20: T 12 | B20: A | C20: 3 | D20: 2 | E20: 3 | F20: 2 | G20: 2 | H20: 2 | I20: 3 | J20: 2 | K20: =SUM(C20:J20) -> 19
B21: B | D21: 1 | F21: 1 | K21: =SUM(C21:J21) -> 2
B22: C | F22: 1 | H22: 1 | K22: =SUM(C22:J22) -> 2
B23: D | C23: 1 | E23: 1 | J23: 1 | K23: =SUM(C23:J23) -> 3
B24: E | K24: =SUM(C24:J24) -> 0
B25: Tot. | C25: =SUM(C20:C24) -> 4 | D25: =SUM(D20:D24) -> 3 | E25: =SUM(E20:E24) -> 4 | F25: =SUM(F20:F24) -> 4 | G25: =SUM(G20:G24) -> 2 | H25: =SUM(H20:H24) -> 3 | I25: =SUM(I20:I24) -> 3 | J25: =SUM(J20:J24) -> 3 | K25: =SUM(K20:K24) -> 26 | L25: Total de la tournee 12
A26: T 15 | B26: A | C26: 1 | D26: 0 | E26: 2 | F26: 1 | G26: 0 | H26: 1 | I26: 2 | J26: 1 | K26: =SUM(C26:J26) -> 8
B27: B | K27: =SUM(C27:J27) -> 0
B28: C | G28: 1 | K28: =SUM(C28:J28) -> 1
B29: D | G29: 1 | K29: =SUM(C29:J29) -> 1
B30: E | G30: 1 | I30: 1 | K30: =SUM(C30:J30) -> 2
B31: Tot. | C31: =SUM(C26:C30) -> 1 | D31: =SUM(D26:D30) -> 0 | E31: =SUM(E26:E30) -> 2 | F31: =SUM(F26:F30) -> 1 | G31: =SUM(G26:G30) -> 3 | H31: =SUM(H26:H30) -> 1 | I31: =SUM(I26:I30) -> 3 | J31: =SUM(J26:J30) -> 1 | K31: =SUM(K26:K30) -> 12 | L31: Total de la tournee 15
K32: =K13+K19+K25+K31 -> 61 | L32: Total de toutes les tournees
A34: Legende :
A35: A. Colis non livre, client ferme au passage
A36: B. Colis affecte par erreur a la tournee
A37: C. Fiche colis manquante
A38: D. Vehicule plein
A39: E. Adresse inconnue

Sheet Pareto
A1: Pareto 1 - Anomalies par categorie (nombre)
A2: Rang | B2: Categorie | C2: Nombre | D2: % | E2: % cumule
A3: 1 | B3: Client ferme au passage | C3: ='Feuille de releves'!K8+'Feuille de releves'!K14+'Feuille de releves'!K20+'Feuille de releves'!K26 -> 36 | D3: =C3/$C$8 -> 0.59016393 | E3: =D3 -> 0.59016393
A4: 2 | B4: Vehicule plein | C4: ='Feuille de releves'!K11+'Feuille de releves'!K17+'Feuille de releves'!K23+'Feuille de releves'!K29 -> 7 | D4: =C4/$C$8 -> 0.1147541 | E4: =E3+D4 -> 0.70491803
A5: 3 | B5: F.C. manquante | C5: ='Feuille de releves'!K10+'Feuille de releves'!K16+'Feuille de releves'!K22+'Feuille de releves'!K28 -> 7 | D5: =C5/$C$8 -> 0.1147541 | E5: =E4+D5 -> 0.81967213
A6: 4 | B6: Affecte par erreur | C6: ='Feuille de releves'!K9+'Feuille de releves'!K15+'Feuille de releves'!K21+'Feuille de releves'!K27 -> 6 | D6: =C6/$C$8 -> 0.098360656 | E6: =E5+D6 -> 0.91803279
A7: 5 | B7: Adresse inconnue | C7: ='Feuille de releves'!K12+'Feuille de releves'!K18+'Feuille de releves'!K24+'Feuille de releves'!K30 -> 5 | D7: =C7/$C$8 -> 0.081967213 | E7: =E6+D7 -> 1
B8: Total | C8: =SUM(C3:C7) -> 61 | D8: =C8/C8 -> 1
