Workbook

Sheet Lisez-moi
A1: Classeur 3 · Gage R&R : peut-on croire la mesure ?
A2: Pôle Formation UIMM CVDL · S. Jaubert · CQPM Technicien Qualité TQ6 · Novembre 2026
B4: À quoi sert ce classeur
B6: TP E du jour 3. On mesure 10 pièces avec 3 opérateurs, 2 fois chacun, sans voir les numéros des pièces. On le fait au pied à coulisse (étude 1) puis au micromètre (étude 2). Le classeur dit quelle part de la variation vient de l'instrument et des opérateurs, et si l'instrument convient à la tolérance.
B7: Mode d'emploi
B9: 0. Commencer par l'onglet Pas à pas : sur une petite étude, chacun calcule lui-même chaque étape, et Excel dit si c'est juste. Le cours Cours_Gage_RR_TQ6 accompagne ce classeur.
B10: 1. Dans chaque onglet d'étude : saisir la tolérance, la résolution de l'instrument, puis les 60 mesures (cellules jaunes).
B11: 2. Lire le bloc Verdict. L'onglet Comparaison met les deux instruments côte à côte.
B12: Les 60 mesures de départ sont FICTIVES. Effacer C10:L15 dans les deux onglets d'étude avant le TP. La tolérance 11,85 / 12,00 mm est celle du plan des butées. Micromètre numérique 0-25 mm au 0,001 mm : saisir les 3 décimales.
B13: Lecture des résultats
B15: Répétabilité (EV) : le même opérateur, sur la même pièce, retrouve-t-il la même valeur ? C'est surtout l'instrument et la façon de le tenir.
B16: Reproductibilité (AV) : deux opérateurs différents trouvent-ils la même valeur ? C'est surtout la méthode et la formation.
B17: %R&R : moins de 10 % = instrument accepté ; 10 à 30 % = acceptable selon l'enjeu de la cote ; plus de 30 % = instrument refusé. Nombre de catégories distinctes : au moins 5.
B18: Règle du 1/10 : la résolution de l'instrument doit être au plus le dixième de l'intervalle de tolérance.
... B25: Résultat calculé (ne pas modifier)

Sheet Pas à pas
A1: Pas à pas : comprendre le calcul sur une petite étude
A2: 3 butées · 2 opérateurs · 2 essais · micromètre · tolérance 11,85 / 12,00 mm
B3: Calculez vous-même chaque case jaune, à la calculatrice, dans l'ordre. La colonne Contrôle dit si c'est juste. En cas d'erreur, corrigez avant de passer à l'étape suivante. Le cours Cours_Gage_RR_TQ6 explique chaque étape.
B5: Mesures (mm) | C5: Essai | D5: Butée 1 | E5: Butée 2 | F5: Butée 3 | G5: Contrôle
B6: Opérateur A | C6: essai 1 | D6: 11.885 | E6: 11.921 | F6: 11.958
B7: Opérateur A | C7: essai 2 | D7: 11.887 | E7: 11.92 | F7: 11.96
B8: Étendue de A | C8: écart entre les 2 essais | G8: =IF(COUNT(D8:F8)<3,"",IF(AND(ABS(D8-(ABS(D6-D7)))<0.0005,ABS(E8-(ABS(E6-E7)))<0.0005,ABS(F8-(ABS(F6-F7)))<0.0005),"Juste","À revoir"))
B9: Opérateur B | C9: essai 1 | D9: 11.888 | E9: 11.923 | F9: 11.961
B10: Opérateur B | C10: essai 2 | D10: 11.889 | E10: 11.922 | F10: 11.96
B11: Étendue de B | C11: écart entre les 2 essais | G11: =IF(COUNT(D11:F11)<3,"",IF(AND(ABS(D11-(ABS(D9-D10)))<0.0005,ABS(E11-(ABS(E9-E10)))<0.0005,ABS(F11-(ABS(F9-F10)))<0.0005),"Juste","À revoir"))
B12: Moyenne de la butée | C12: moyenne de ses 4 mesures | G12: =IF(COUNT(D12:F12)<3,"",IF(AND(ABS(D12-(AVERAGE(D6:D7,D9:D10)))<0.0005,ABS(E12-(AVERAGE(E6:E7,E9:E10)))<0.0005,ABS(F12-(AVERAGE(F6:F7,F9:F10)))<0.0005),"Juste","À revoir"))
A14: N° | B14: Ce qu'on calcule | C14: Comment, et pourquoi | D14: Votre réponse | E14: Contrôle | H14: valeur exacte
A15: 1 | B15: Moyenne des étendues de A | C15: Moyenne des 3 étendues de la ligne 8. | E15: =IF(D15="","",IF(ABS(D15-H15)<=IF(ABS(H15)>1,0.0005,MAX(0.0002,0.03*ABS(H15))),"Juste","À revoir")) | H15: =AVERAGE(ABS(D6-D7),ABS(E6-E7),ABS(F6-F7)) -> 0.0016666667
A16: 2 | B16: Moyenne des étendues de B | C16: Moyenne des 3 étendues de la ligne 11. | E16: =IF(D16="","",IF(ABS(D16-H16)<=IF(ABS(H16)>1,0.0005,MAX(0.0002,0.03*ABS(H16))),"Juste","À revoir")) | H16: =AVERAGE(ABS(D9-D10),ABS(E9-E10),ABS(F9-F10)) -> 0.001
A17: 3 | B17: R̄̄ : moyenne des étendues | C17: Moyenne des deux résultats précédents. | E17: =IF(D17="","",IF(ABS(D17-H17)<=IF(ABS(H17)>1,0.0005,MAX(0.0002,0.03*ABS(H17))),"Juste","À revoir")) | H17: =(H15+H16)/2 -> 0.0013333333
A18: 4 | B18: EV : répétabilité | C18: R̄̄ × 0,8862. Ce coefficient K1 transforme une étendue de 2 essais en écart-type. | E18: =IF(D18="","",IF(ABS(D18-H18)<=IF(ABS(H18)>1,0.0005,MAX(0.0002,0.03*ABS(H18))),"Juste","À revoir")) | H18: =H17*0.8862 -> 0.0011816
A19: 5 | B19: X̄A : moyenne de l'opérateur A | C19: Moyenne de ses 6 mesures. | E19: =IF(D19="","",IF(ABS(D19-H19)<=IF(ABS(H19)>1,0.0005,MAX(0.0002,0.03*ABS(H19))),"Juste","À revoir")) | H19: =AVERAGE(D6:F7) -> 11.921833
A20: 6 | B20: X̄B : moyenne de l'opérateur B | C20: Moyenne de ses 6 mesures. | E20: =IF(D20="","",IF(ABS(D20-H20)<=IF(ABS(H20)>1,0.0005,MAX(0.0002,0.03*ABS(H20))),"Juste","À revoir")) | H20: =AVERAGE(D9:F10) -> 11.923833
A21: 7 | B21: X̄diff : écart entre opérateurs | C21: |X̄A − X̄B|. Mesure l'habitude propre à chacun. | E21: =IF(D21="","",IF(ABS(D21-H21)<=IF(ABS(H21)>1,0.0005,MAX(0.0002,0.03*ABS(H21))),"Juste","À revoir")) | H21: =ABS(H19-H20) -> 0.002
A22: 8 | B22: AV : reproductibilité | C22: √[(X̄diff × 0,7071)² − EV² ÷ 6]. K2 = 0,7071 pour 2 opérateurs. On retire EV² ÷ 6 (3 butées × 2 essais) : la part du bruit de répétabilité dans l'écart entre moyennes. Si c'est négatif, AV = 0. | E22: =IF(D22="","",IF(ABS(D22-H22)<=IF(ABS(H22)>1,0.0005,MAX(0.0002,0.03*ABS(H22))),"Juste","À revoir")) | H22: =SQRT(MAX(0,(H21*0.7071)^2-H18^2/6)) -> 0.0013293853
A23: 9 | B23: GRR : R&R total | C23: √(EV² + AV²). Les dispersions s'additionnent au carré, comme les côtés d'un triangle rectangle. | E23: =IF(D23="","",IF(ABS(D23-H23)<=IF(ABS(H23)>1,0.0005,MAX(0.0002,0.03*ABS(H23))),"Juste","À revoir")) | H23: =SQRT(H18^2+H22^2) -> 0.0017786073
A24: 10 | B24: Rp : étendue des moyennes des butées | C24: Plus grande moins plus petite moyenne de la ligne 12. | E24: =IF(D24="","",IF(ABS(D24-H24)<=IF(ABS(H24)>1,0.0005,MAX(0.0002,0.03*ABS(H24))),"Juste","À revoir")) | H24: =MAX(AVERAGE(D6:D7,D9:D10),AVERAGE(E6:E7,E9:E10),AVERAGE(F6:F7,F9:F10))-MIN(AVERAGE(D6:D7,D9:D10),AVERAGE(E6:E7,E9:E10),AVERAGE(F6:F7,F9:F10)) -> 0.0725
A25: 11 | B25: PV : variation des pièces | C25: Rp × 0,5231 (K3 pour 3 pièces). C'est la vraie différence entre butées. | E25: =IF(D25="","",IF(ABS(D25-H25)<=IF(ABS(H25)>1,0.0005,MAX(0.0002,0.03*ABS(H25))),"Juste","À revoir")) | H25: =H24*0.5231 -> 0.03792475
A26: 12 | B26: TV : variation totale | C26: √(GRR² + PV²). | E26: =IF(D26="","",IF(ABS(D26-H26)<=IF(ABS(H26)>1,0.0005,MAX(0.0002,0.03*ABS(H26))),"Juste","À revoir")) | H26: =SQRT(H23^2+H25^2) -> 0.037966434
A27: 13 | B27: %R&R de la variation totale | C27: GRR ÷ TV. Pour piloter le procédé (carte). | E27: =IF(D27="","",IF(ABS(IF(D27>1,D27/100,D27)-H27)<=0.006,"Juste","À revoir")) | H27: =H23/H26 -> 0.046846835
A28: 14 | B28: %R&R de la tolérance | C28: 6 × GRR ÷ 0,15. Pour accepter ou refuser des pièces. | E28: =IF(D28="","",IF(ABS(IF(D28>1,D28/100,D28)-H28)<=0.006,"Juste","À revoir")) | H28: =6*H23/0.15 -> 0.07114429
A29: 15 | B29: ndc : catégories distinctes | C29: 1,41 × PV ÷ GRR, partie entière. Il en faut au moins 5. | E29: =IF(D29="","",IF(D29=H29,"Juste","À revoir")) | H29: =INT(1.41*H25/H23) -> 30
B31: Verdict de la petite étude | C31: =IF(COUNTIF(E15:E29,"Juste")<15,"Terminez les 15 étapes",IF(H27<0.1,"Variation totale : accepté",IF(H27<=0.3,"Variation totale : acceptable selon l'enjeu","Variation totale : refusé"))&" · "&IF(H28<0.1,"tolérance : accepté",IF(H28<=0.3,"tolérance : acceptable selon l'enjeu","tolérance : refusé"))&" · ndc = "&H29) -> Terminez les 15 étapes
B33: Attention : 3 pièces et 2 opérateurs suffisent pour comprendre, pas pour décider. Une vraie étude : 10 pièces, 3 opérateurs, 2 essais (onglets Étude 1 et Étude 2).

Sheet Étude 1
A1: Étude 1 · Pied à coulisse 1/50
A2: 10 pièces · 3 opérateurs · 2 essais · numéros masqués, ordre tiré au sort
A4: Instrument | B4: Pied à coulisse 1/50
A5: Tolérance basse TI (mm) | B5: 11.85 | E5: Tolérance du plan des butées. Mesures de départ fictives : à effacer.
A6: Tolérance haute TS (mm) | B6: 12
A7: Résolution de l'instrument (mm) | B7: 0.02
A9: Opérateur | B9: Essai | C9: P1 | D9: P2 | E9: P3 | F9: P4 | G9: P5 | H9: P6 | I9: P7 | J9: P8 | K9: P9 | L9: P10 | M9: Moyenne
A10: Opérateur A | B10: 1 | C10: 11.86 | D10: 11.86 | E10: 11.88 | F10: 11.9 | G10: 11.92 | H10: 11.9 | I10: 11.94 | J10: 11.9 | K10: 11.94 | L10: 11.96 | M10: =IFERROR(AVERAGE(C10:L10),"") -> 11.906
A11: Opérateur A | B11: 2 | C11: 11.86 | D11: 11.88 | E11: 11.88 | F11: 11.9 | G11: 11.92 | H11: 11.9 | I11: 11.92 | J11: 11.94 | K11: 11.94 | L11: 11.96 | M11: =IFERROR(AVERAGE(C11:L11),"") -> 11.91
A12: Opérateur B | B12: 1 | C12: 11.86 | D12: 11.88 | E12: 11.88 | F12: 11.9 | G12: 11.92 | H12: 11.92 | I12: 11.92 | J12: 11.92 | K12: 11.94 | L12: 11.98 | M12: =IFERROR(AVERAGE(C12:L12),"") -> 11.912
A13: Opérateur B | B13: 2 | C13: 11.86 | D13: 11.88 | E13: 11.9 | F13: 11.9 | G13: 11.9 | H13: 11.92 | I13: 11.92 | J13: 11.94 | K13: 11.96 | L13: 11.98 | M13: =IFERROR(AVERAGE(C13:L13),"") -> 11.916
A14: Opérateur C | B14: 1 | C14: 11.86 | D14: 11.86 | E14: 11.88 | F14: 11.88 | G14: 11.9 | H14: 11.9 | I14: 11.92 | J14: 11.92 | K14: 11.94 | L14: 11.96 | M14: =IFERROR(AVERAGE(C14:L14),"") -> 11.902
A15: Opérateur C | B15: 2 | C15: 11.88 | D15: 11.86 | E15: 11.88 | F15: 11.88 | G15: 11.9 | H15: 11.9 | I15: 11.92 | J15: 11.92 | K15: 11.92 | L15: 11.96 | M15: =IFERROR(AVERAGE(C15:L15),"") -> 11.902
A16: Étendue opérateur A | C16: =IF(COUNT(C10:C11)<2,"",ABS(C10-C11)) -> 0 | D16: =IF(COUNT(D10:D11)<2,"",ABS(D10-D11)) -> 0.02 | E16: =IF(COUNT(E10:E11)<2,"",ABS(E10-E11)) -> 0 | F16: =IF(COUNT(F10:F11)<2,"",ABS(F10-F11)) -> 0 | G16: =IF(COUNT(G10:G11)<2,"",ABS(G10-G11)) -> 0 | H16: =IF(COUNT(H10:H11)<2,"",ABS(H10-H11)) -> 0 | I16: =IF(COUNT(I10:I11)<2,"",ABS(I10-I11)) -> 0.02 | J16: =IF(COUNT(J10:J11)<2,"",ABS(J10-J11)) -> 0.04 | ... L16: =IF(COUNT(L10:L11)<2,"",ABS(L10-L11)) -> 0
A17: Étendue opérateur B | C17: =IF(COUNT(C12:C13)<2,"",ABS(C12-C13)) -> 0 | D17: =IF(COUNT(D12:D13)<2,"",ABS(D12-D13)) -> 0 | E17: =IF(COUNT(E12:E13)<2,"",ABS(E12-E13)) -> 0.02 | F17: =IF(COUNT(F12:F13)<2,"",ABS(F12-F13)) -> 0 | G17: =IF(COUNT(G12:G13)<2,"",ABS(G12-G13)) -> 0.02 | H17: =IF(COUNT(H12:H13)<2,"",ABS(H12-H13)) -> 0 | I17: =IF(COUNT(I12:I13)<2,"",ABS(I12-I13)) -> 0 | J17: =IF(COUNT(J12:J13)<2,"",ABS(J12-J13)) -> 0.02 | ... L17: =IF(COUNT(L12:L13)<2,"",ABS(L12-L13)) -> 0
A18: Étendue opérateur C | C18: =IF(COUNT(C14:C15)<2,"",ABS(C14-C15)) -> 0.02 | D18: =IF(COUNT(D14:D15)<2,"",ABS(D14-D15)) -> 0 | E18: =IF(COUNT(E14:E15)<2,"",ABS(E14-E15)) -> 0 | F18: =IF(COUNT(F14:F15)<2,"",ABS(F14-F15)) -> 0 | G18: =IF(COUNT(G14:G15)<2,"",ABS(G14-G15)) -> 0 | H18: =IF(COUNT(H14:H15)<2,"",ABS(H14-H15)) -> 0 | I18: =IF(COUNT(I14:I15)<2,"",ABS(I14-I15)) -> 0 | J18: =IF(COUNT(J14:J15)<2,"",ABS(J14-J15)) -> 0 | ... L18: =IF(COUNT(L14:L15)<2,"",ABS(L14-L15)) -> 0
A19: Moyenne de la pièce | C19: =IFERROR(AVERAGE(C10:C15),"") -> 11.863333 | D19: =IFERROR(AVERAGE(D10:D15),"") -> 11.87 | E19: =IFERROR(AVERAGE(E10:E15),"") -> 11.883333 | F19: =IFERROR(AVERAGE(F10:F15),"") -> 11.893333 | G19: =IFERROR(AVERAGE(G10:G15),"") -> 11.91 | H19: =IFERROR(AVERAGE(H10:H15),"") -> 11.906667 | I19: =IFERROR(AVERAGE(I10:I15),"") -> 11.923333 | J19: =IFERROR(AVERAGE(J10:J15),"") -> 11.923333 | ... L19: =IFERROR(AVERAGE(L10:L15),"") -> 11.966667
A20: Mesures saisies (60 attendues) | B20: =COUNT(C10:L15) -> 60
A22: Calcul (AIAG, moyenne-étendue) | B22: Valeur | D22: Verdict | G22: % var. totale | I22: % tolérance
A23: R̄ opérateur A | B23: =AVERAGE(C16:L16) -> 0.008 | D23: Répétabilité (instrument) | G23: =IFERROR(B37/$B$41,"") -> 0.17580096 | I23: =IFERROR(6*B37/($B$6-$B$5),"") -> 0.23632
A24: R̄ opérateur B | B24: =AVERAGE(C17:L17) -> 0.008 | D24: Reproductibilité (opérateurs) | G24: =IFERROR(B38/$B$41,"") -> 0.18260365 | I24: =IFERROR(6*B38/($B$6-$B$5),"") -> 0.24546451
A25: R̄ opérateur C | B25: =AVERAGE(C18:L18) -> 0.004 | D25: R&R totale | G25: =IFERROR(B39/$B$41,"") -> 0.25347598 | I25: =IFERROR(6*B39/($B$6-$B$5),"") -> 0.34073446
A26: R̄̄ moyenne des étendues | B26: =AVERAGE(B23:B25) -> 0.0066666667 | D26: Variation pièces | G26: =IFERROR(B40/$B$41,"") -> 0.96734168
A27: X̄ opérateur A | B27: =AVERAGE(C10:L11) -> 11.908
A28: X̄ opérateur B | B28: =AVERAGE(C12:L13) -> 11.914 | D28: Catégories distinctes ndc (≥ 5) | G28: =IF(B39=0,"non calculable",INT(1.41*B40/B39)) -> 5
A29: X̄ opérateur C | B29: =AVERAGE(C14:L15) -> 11.902 | D29: Règle du 1/10 (résolution ≤ IT/10) | G29: =IF(B7<=(B6-B5)/10,"Respectée","Non respectée") -> Non respectée
A30: Écart maxi entre opérateurs X̄diff | B30: =MAX(B27:B29)-MIN(B27:B29) -> 0.012
A31: Étendue des moyennes pièces Rp | B31: =MAX(C19:L19)-MIN(C19:L19) -> 0.10333333 | D31: Verdict sur la variation totale | G31: =IF(B20<60,"Saisie incomplète",IF(G25<0.1,"Accepté",IF(G25<=0.3,"Acceptable selon l'enjeu","Refusé"))) -> Acceptable selon l'enjeu
A32: K1 (2 essais) | B32: 0.8862 | C32: Constantes AIAG MSA 4e éd. | D32: Verdict sur la tolérance | G32: =IF(B20<60,"Saisie incomplète",IF(I25<0.1,"Accepté",IF(I25<=0.3,"Acceptable selon l'enjeu","Refusé"))) -> Refusé
A33: K2 (3 opérateurs) | B33: 0.5231 | D33: Point faible principal | G33: =IF(B20<60,"",IF(B37>=B38,"L'instrument et la prise de mesure","Les écarts entre opérateurs (méthode)")) -> Les écarts entre opérateurs (méthode)
A34: K3 (10 pièces) | B34: 0.3146
A35: Nombre de pièces n | B35: 10 | D35: Seuils %R&R : < 10 % accepté · 10 à 30 % selon l'enjeu et le coût · > 30 % refusé (AIAG MSA). Moyen accepté si ndc ≥ 5.
A36: Nombre d'essais r | B36: 2
A37: Répétabilité EV | B37: =B26*B32 -> 0.005908
A38: Reproductibilité AV | B38: =SQRT(MAX(0,(B30*B33)^2-B37^2/(B35*B36))) -> 0.0061366128
A39: R&R totale GRR | B39: =SQRT(B37^2+B38^2) -> 0.0085183614
A40: Variation pièces PV | B40: =B31*B34 -> 0.032508667
A41: Variation totale TV | B41: =SQRT(B39^2+B40^2) -> 0.033606188

Sheet Étude 2
A1: Étude 2 · Micromètre numérique 0,001
A2: 10 pièces · 3 opérateurs · 2 essais · numéros masqués, ordre tiré au sort
A4: Instrument | B4: Micromètre numérique 0,001
A5: Tolérance basse TI (mm) | B5: 11.85 | E5: Tolérance du plan des butées. Mesures de départ fictives : à effacer.
A6: Tolérance haute TS (mm) | B6: 12
A7: Résolution de l'instrument (mm) | B7: 0.001
A9: Opérateur | B9: Essai | C9: P1 | D9: P2 | E9: P3 | F9: P4 | G9: P5 | H9: P6 | I9: P7 | J9: P8 | K9: P9 | L9: P10 | M9: Moyenne
A10: Opérateur A | B10: 1 | C10: 11.861 | D10: 11.875 | E10: 11.885 | F10: 11.893 | G10: 11.901 | H10: 11.909 | I10: 11.921 | J10: 11.934 | K10: 11.945 | L10: 11.965 | M10: =IFERROR(AVERAGE(C10:L10),"") -> 11.9089
A11: Opérateur A | B11: 2 | C11: 11.862 | D11: 11.876 | E11: 11.882 | F11: 11.893 | G11: 11.903 | H11: 11.909 | I11: 11.925 | J11: 11.932 | K11: 11.947 | L11: 11.968 | M11: =IFERROR(AVERAGE(C11:L11),"") -> 11.9097
A12: Opérateur B | B12: 1 | C12: 11.865 | D12: 11.877 | E12: 11.887 | F12: 11.893 | G12: 11.9 | H12: 11.914 | I12: 11.927 | J12: 11.935 | K12: 11.949 | L12: 11.967 | M12: =IFERROR(AVERAGE(C12:L12),"") -> 11.9114
A13: Opérateur B | B13: 2 | C13: 11.863 | D13: 11.877 | E13: 11.889 | F13: 11.896 | G13: 11.902 | H13: 11.913 | I13: 11.925 | J13: 11.936 | K13: 11.946 | L13: 11.965 | M13: =IFERROR(AVERAGE(C13:L13),"") -> 11.9112
A14: Opérateur C | B14: 1 | C14: 11.863 | D14: 11.874 | E14: 11.884 | F14: 11.894 | G14: 11.901 | H14: 11.906 | I14: 11.921 | J14: 11.931 | K14: 11.948 | L14: 11.965 | M14: =IFERROR(AVERAGE(C14:L14),"") -> 11.9087
A15: Opérateur C | B15: 2 | C15: 11.859 | D15: 11.872 | E15: 11.886 | F15: 11.891 | G15: 11.901 | H15: 11.909 | I15: 11.922 | J15: 11.935 | K15: 11.95 | L15: 11.963 | M15: =IFERROR(AVERAGE(C15:L15),"") -> 11.9088
A16: Étendue opérateur A | C16: =IF(COUNT(C10:C11)<2,"",ABS(C10-C11)) -> 0.001 | D16: =IF(COUNT(D10:D11)<2,"",ABS(D10-D11)) -> 0.001 | E16: =IF(COUNT(E10:E11)<2,"",ABS(E10-E11)) -> 0.003 | F16: =IF(COUNT(F10:F11)<2,"",ABS(F10-F11)) -> 0 | G16: =IF(COUNT(G10:G11)<2,"",ABS(G10-G11)) -> 0.002 | H16: =IF(COUNT(H10:H11)<2,"",ABS(H10-H11)) -> 0 | I16: =IF(COUNT(I10:I11)<2,"",ABS(I10-I11)) -> 0.004 | J16: =IF(COUNT(J10:J11)<2,"",ABS(J10-J11)) -> 0.002 | ... L16: =IF(COUNT(L10:L11)<2,"",ABS(L10-L11)) -> 0.003
A17: Étendue opérateur B | C17: =IF(COUNT(C12:C13)<2,"",ABS(C12-C13)) -> 0.002 | D17: =IF(COUNT(D12:D13)<2,"",ABS(D12-D13)) -> 0 | E17: =IF(COUNT(E12:E13)<2,"",ABS(E12-E13)) -> 0.002 | F17: =IF(COUNT(F12:F13)<2,"",ABS(F12-F13)) -> 0.003 | G17: =IF(COUNT(G12:G13)<2,"",ABS(G12-G13)) -> 0.002 | H17: =IF(COUNT(H12:H13)<2,"",ABS(H12-H13)) -> 0.001 | I17: =IF(COUNT(I12:I13)<2,"",ABS(I12-I13)) -> 0.002 | J17: =IF(COUNT(J12:J13)<2,"",ABS(J12-J13)) -> 0.001 | ... L17: =IF(COUNT(L12:L13)<2,"",ABS(L12-L13)) -> 0.002
A18: Étendue opérateur C | C18: =IF(COUNT(C14:C15)<2,"",ABS(C14-C15)) -> 0.004 | D18: =IF(COUNT(D14:D15)<2,"",ABS(D14-D15)) -> 0.002 | E18: =IF(COUNT(E14:E15)<2,"",ABS(E14-E15)) -> 0.002 | F18: =IF(COUNT(F14:F15)<2,"",ABS(F14-F15)) -> 0.003 | G18: =IF(COUNT(G14:G15)<2,"",ABS(G14-G15)) -> 0 | H18: =IF(COUNT(H14:H15)<2,"",ABS(H14-H15)) -> 0.003 | I18: =IF(COUNT(I14:I15)<2,"",ABS(I14-I15)) -> 0.001 | J18: =IF(COUNT(J14:J15)<2,"",ABS(J14-J15)) -> 0.004 | ... L18: =IF(COUNT(L14:L15)<2,"",ABS(L14-L15)) -> 0.002
A19: Moyenne de la pièce | C19: =IFERROR(AVERAGE(C10:C15),"") -> 11.862167 | D19: =IFERROR(AVERAGE(D10:D15),"") -> 11.875167 | E19: =IFERROR(AVERAGE(E10:E15),"") -> 11.8855 | F19: =IFERROR(AVERAGE(F10:F15),"") -> 11.893333 | G19: =IFERROR(AVERAGE(G10:G15),"") -> 11.901333 | H19: =IFERROR(AVERAGE(H10:H15),"") -> 11.91 | I19: =IFERROR(AVERAGE(I10:I15),"") -> 11.9235 | J19: =IFERROR(AVERAGE(J10:J15),"") -> 11.933833 | ... L19: =IFERROR(AVERAGE(L10:L15),"") -> 11.9655
A20: Mesures saisies (60 attendues) | B20: =COUNT(C10:L15) -> 60
A22: Calcul (AIAG, moyenne-étendue) | B22: Valeur | D22: Verdict | G22: % var. totale | I22: % tolérance
A23: R̄ opérateur A | B23: =AVERAGE(C16:L16) -> 0.0018 | D23: Répétabilité (instrument) | G23: =IFERROR(B37/$B$41,"") -> 0.053494228 | I23: =IFERROR(6*B37/($B$6-$B$5),"") -> 0.0697144
A24: R̄ opérateur B | B24: =AVERAGE(C17:L17) -> 0.0018 | D24: Reproductibilité (opérateurs) | G24: =IFERROR(B38/$B$41,"") -> 0.039155687 | I24: =IFERROR(6*B38/($B$6-$B$5),"") -> 0.05102822
A25: R̄ opérateur C | B25: =AVERAGE(C18:L18) -> 0.0023 | D25: R&R totale | G25: =IFERROR(B39/$B$41,"") -> 0.066293289 | I25: =IFERROR(6*B39/($B$6-$B$5),"") -> 0.08639431
A26: R̄̄ moyenne des étendues | B26: =AVERAGE(B23:B25) -> 0.0019666667 | D26: Variation pièces | G26: =IFERROR(B40/$B$41,"") -> 0.99780018
A27: X̄ opérateur A | B27: =AVERAGE(C10:L11) -> 11.9093
A28: X̄ opérateur B | B28: =AVERAGE(C12:L13) -> 11.9113 | D28: Catégories distinctes ndc (≥ 5) | G28: =IF(B39=0,"non calculable",INT(1.41*B40/B39)) -> 21
A29: X̄ opérateur C | B29: =AVERAGE(C14:L15) -> 11.90875 | D29: Règle du 1/10 (résolution ≤ IT/10) | G29: =IF(B7<=(B6-B5)/10,"Respectée","Non respectée") -> Respectée
A30: Écart maxi entre opérateurs X̄diff | B30: =MAX(B27:B29)-MIN(B27:B29) -> 0.00255
A31: Étendue des moyennes pièces Rp | B31: =MAX(C19:L19)-MIN(C19:L19) -> 0.10333333 | D31: Verdict sur la variation totale | G31: =IF(B20<60,"Saisie incomplète",IF(G25<0.1,"Accepté",IF(G25<=0.3,"Acceptable selon l'enjeu","Refusé"))) -> Accepté
A32: K1 (2 essais) | B32: 0.8862 | C32: Constantes AIAG MSA 4e éd. | D32: Verdict sur la tolérance | G32: =IF(B20<60,"Saisie incomplète",IF(I25<0.1,"Accepté",IF(I25<=0.3,"Acceptable selon l'enjeu","Refusé"))) -> Accepté
A33: K2 (3 opérateurs) | B33: 0.5231 | D33: Point faible principal | G33: =IF(B20<60,"",IF(B37>=B38,"L'instrument et la prise de mesure","Les écarts entre opérateurs (méthode)")) -> L'instrument et la prise de mesure
A34: K3 (10 pièces) | B34: 0.3146
A35: Nombre de pièces n | B35: 10 | D35: Seuils %R&R : < 10 % accepté · 10 à 30 % selon l'enjeu et le coût · > 30 % refusé (AIAG MSA). Moyen accepté si ndc ≥ 5.
A36: Nombre d'essais r | B36: 2
A37: Répétabilité EV | B37: =B26*B32 -> 0.00174286
A38: Reproductibilité AV | B38: =SQRT(MAX(0,(B30*B33)^2-B37^2/(B35*B36))) -> 0.0012757055
A39: R&R totale GRR | B39: =SQRT(B37^2+B38^2) -> 0.0021598577
A40: Variation pièces PV | B40: =B31*B34 -> 0.032508667
A41: Variation totale TV | B41: =SQRT(B39^2+B40^2) -> 0.032580338

Sheet Comparaison
A1: Pied à coulisse contre micromètre
A2: Mêmes pièces · opérateurs différents selon la rotation de la fiche E
A4: Indicateur | B4: ='Étude 1'!B4 -> Pied à coulisse 1/50 | C4: ='Étude 2'!B4 -> Micromètre numérique 0,001
A5: Répétabilité (% VT) | B5: ='Étude 1'!G23 -> 0.17580096 | C5: ='Étude 2'!G23 -> 0.053494228
A6: Reproductibilité (% VT) | B6: ='Étude 1'!G24 -> 0.18260365 | C6: ='Étude 2'!G24 -> 0.039155687
A7: R&R totale (% VT) | B7: ='Étude 1'!G25 -> 0.25347598 | C7: ='Étude 2'!G25 -> 0.066293289
A8: R&R totale (% tolérance) | B8: ='Étude 1'!I25 -> 0.34073446 | C8: ='Étude 2'!I25 -> 0.08639431
A9: Catégories distinctes ndc | B9: ='Étude 1'!G28 -> 5 | C9: ='Étude 2'!G28 -> 21
A10: Règle du 1/10 | B10: ='Étude 1'!G29 -> Non respectée | C10: ='Étude 2'!G29 -> Respectée
A11: Verdict variation totale | B11: ='Étude 1'!G31 -> Acceptable selon l'enjeu | C11: ='Étude 2'!G31 -> Accepté
A12: Verdict tolérance | B12: ='Étude 1'!G32 -> Refusé | C12: ='Étude 2'!G32 -> Accepté
A13: Point faible | B13: ='Étude 1'!G33 -> Les écarts entre opérateurs (méthode) | C13: ='Étude 2'!G33 -> L'instrument et la prise de mesure
