Workbook

Sheet Lisez-moi
A1: Classeur 1 · Capabilité de notre lot
A2: Pôle Formation UIMM CVDL · S. Jaubert · CQPM Technicien Qualité TQ6 · Novembre 2026
B4: À quoi sert ce classeur
B6: TP B et TP C du jour 1. On saisit le diamètre de chaque pièce mesurée au micromètre. Le classeur trace l'histogramme, calcule la moyenne et la dispersion, puis juge le lot face à trois clients qui n'ont pas la même tolérance.
B7: Mode d'emploi
B9: 1. Onglet Mesures : saisir le numéro de pièce, l'opérateur et le diamètre (cellules jaunes). Jusqu'à 100 pièces.
B10: 2. Onglet Analyse : lire l'histogramme et les indicateurs. Saisir les tolérances des trois clients (cellules jaunes) et le seuil exigé.
B11: 3. Choisir le client affiché sur le graphique pièce par pièce (1, 2 ou 3).
B12: Les 20 valeurs de départ sont FICTIVES : elles servent à tester le classeur. Effacer la colonne C de l'onglet Mesures avant le TP. Client 1 = tolérance du plan des butées (11,85 / 12,00 mm). Clients 2 et 3 : à recalculer avec les vraies mesures (règles dans le guide formateur).
B13: Note pour le formateur
B15: L'écart-type est l'écart-type d'échantillon (fonction ECARTYPE, division par n-1). L'ordre de fabrication des pièces étant inconnu, les indices calculés sont en toute rigueur des indices de performance Pp et Ppk. Les ppm estimés supposent une loi normale : à présenter comme un ordre de grandeur.
B16: Verdict : « Capable » si Cpk atteint le seuil ; « À recentrer » si Cp l'atteint mais pas Cpk (problème de réglage) ; « Dispersion trop grande » sinon (problème de procédé).
B18: Cellule à remplir
B19: Résultat calculé (ne pas modifier)

Sheet Mesures
A1: Mesures du lot
A2: Une ligne par pièce · cellules jaunes à remplir
A5: N° pièce | B5: Opérateur | C5: Diamètre mesuré (mm) | E5: Valeurs de départ fictives : effacer C6:C105 avant le TP.
A6: 1 | B6: Opérateur 1 | C6: 11.929
A7: 2 | B7: Opérateur 2 | C7: 11.928
A8: 3 | B8: Opérateur 3 | C8: 11.866
A9: 4 | B9: Opérateur 4 | C9: 11.907
A10: 5 | B10: Opérateur 5 | C10: 11.922
A11: 6 | B11: Opérateur 6 | C11: 11.919
A12: 7 | B12: Opérateur 1 | C12: 11.887
A13: 8 | B13: Opérateur 2 | C13: 11.893
A14: 9 | B14: Opérateur 3 | C14: 11.916
A15: 10 | B15: Opérateur 4 | C15: 11.883
A16: 11 | B16: Opérateur 5 | C16: 11.905
A17: 12 | B17: Opérateur 6 | C17: 11.873
... A25: 20 | B25: Opérateur 2 | C25: 11.923
A26: 21
A27: 22
A28: 23
A29: 24
A30: 25
A31: 26
A32: 27
A33: 28
A34: 29
A35: 30
A36: 31
A37: 32
... A105: 100

Sheet Analyse
A1: Analyse du lot
A2: Ce que disent nos mesures
A4: Nombre de pièces mesurées | B4: =COUNT(Mesures!$C$6:$C$105) -> 20
A5: Moyenne m : où on vise (mm) | B5: =AVERAGE(Mesures!$C$6:$C$105) -> 11.90715
A6: Écart-type s : combien ça bouge (mm) | B6: =STDEV(Mesures!$C$6:$C$105) -> 0.023691604
A7: Plus petite valeur (mm) | B7: =MIN(Mesures!$C$6:$C$105) -> 11.866
A8: Plus grande valeur (mm) | B8: =MAX(Mesures!$C$6:$C$105) -> 11.941
A9: Étendue (mm) | B9: =B8-B7 -> 0.075
A10: Largeur naturelle 6 s (mm) | B10: =6*B6 -> 0.14214962 | C10: ≈ 99,7 % des pièces tiennent dans cette largeur (loi normale). s = ECARTYPE, division par n − 1.
A12: Histogramme : largeur de classe (mm) | B12: =B9/8 -> 0.009375
A13: Classe | B13: Borne basse | C13: Borne haute | D13: Centre | E13: Effectif
A14: 1 | B14: =$B$7 -> 11.866 | C14: =B14+$B$12 -> 11.875375 | D14: =ROUND((B14+C14)/2,4) -> 11.8707 | E14: =COUNTIFS(Mesures!$C$6:$C$105,">="&B14,Mesures!$C$6:$C$105,"<"&C14) -> 3
A15: 2 | B15: =C14 -> 11.875375 | C15: =B15+$B$12 -> 11.88475 | D15: =ROUND((B15+C15)/2,4) -> 11.8801 | E15: =COUNTIFS(Mesures!$C$6:$C$105,">="&B15,Mesures!$C$6:$C$105,"<"&C15) -> 2
A16: 3 | B16: =C15 -> 11.88475 | C16: =B16+$B$12 -> 11.894125 | D16: =ROUND((B16+C16)/2,4) -> 11.8894 | E16: =COUNTIFS(Mesures!$C$6:$C$105,">="&B16,Mesures!$C$6:$C$105,"<"&C16) -> 2
A17: 4 | B17: =C16 -> 11.894125 | C17: =B17+$B$12 -> 11.9035 | D17: =ROUND((B17+C17)/2,4) -> 11.8988 | E17: =COUNTIFS(Mesures!$C$6:$C$105,">="&B17,Mesures!$C$6:$C$105,"<"&C17) -> 0
A18: 5 | B18: =C17 -> 11.9035 | C18: =B18+$B$12 -> 11.912875 | D18: =ROUND((B18+C18)/2,4) -> 11.9082 | E18: =COUNTIFS(Mesures!$C$6:$C$105,">="&B18,Mesures!$C$6:$C$105,"<"&C18) -> 4
A19: 6 | B19: =C18 -> 11.912875 | C19: =B19+$B$12 -> 11.92225 | D19: =ROUND((B19+C19)/2,4) -> 11.9176 | E19: =COUNTIFS(Mesures!$C$6:$C$105,">="&B19,Mesures!$C$6:$C$105,"<"&C19) -> 3
A20: 7 | B20: =C19 -> 11.92225 | C20: =B20+$B$12 -> 11.931625 | D20: =ROUND((B20+C20)/2,4) -> 11.9269 | E20: =COUNTIFS(Mesures!$C$6:$C$105,">="&B20,Mesures!$C$6:$C$105,"<"&C20) -> 3
A21: 8 | B21: =C20 -> 11.931625 | C21: =B21+$B$12 -> 11.941 | D21: =ROUND((B21+C21)/2,4) -> 11.9363 | E21: =COUNTIFS(Mesures!$C$6:$C$105,">="&B21,Mesures!$C$6:$C$105,"<="&(C21+0.000001)) -> 3
A22: Contrôle : total des effectifs | E22: =SUM(E14:E21) -> 20 | F22: =IF(E22=B4,"OK","ÉCART") -> OK
A25: Seuil de capabilité exigé | B25: 1.33 | C25: Valeur courante, à adapter à l'exigence du client réel
A27: Trois clients, un seul lot | B27: Client 1 | C27: Client 2 | D27: Client 3
A28: Tolérance basse TI (mm) | B28: 11.85 | C28: 11.85 | D28: 11.88
A29: Tolérance haute TS (mm) | B29: 12 | C29: 11.96 | D29: 12.12
A30: IT = TS − TI (mm) | B30: =B29-B28 -> 0.15 | C30: =C29-C28 -> 0.11 | D30: =D29-D28 -> 0.24
A31: Milieu = (TI + TS) / 2 (mm) | B31: =(B28+B29)/2 -> 11.925 | C31: =(C28+C29)/2 -> 11.905 | D31: =(D28+D29)/2 -> 12
A32: Cp = IT / (6 s) : la dispersion rentre-t-elle ? | B32: =IFERROR(B30/(6*$B$6),"") -> 1.0552261 | C32: =IFERROR(C30/(6*$B$6),"") -> 0.7738325 | D32: =IFERROR(D30/(6*$B$6),"") -> 1.6883618
A33: Cpk = min(TS − m ; m − TI) / (3 s) : est-on centré ? | B33: =IFERROR(MIN(B29-$B$5,$B$5-B28)/(3*$B$6),"") -> 0.80408232 | C33: =IFERROR(MIN(C29-$B$5,$B$5-C28)/(3*$B$6),"") -> 0.74358269 | D33: =IFERROR(MIN(D29-$B$5,$B$5-D28)/(3*$B$6),"") -> 0.38199186
A34: Pièces hors tolérance constatées | B34: =COUNTIF(Mesures!$C$6:$C$105,"<"&B28)+COUNTIF(Mesures!$C$6:$C$105,">"&B29) -> 0 | C34: =COUNTIF(Mesures!$C$6:$C$105,"<"&C28)+COUNTIF(Mesures!$C$6:$C$105,">"&C29) -> 0 | D34: =COUNTIF(Mesures!$C$6:$C$105,"<"&D28)+COUNTIF(Mesures!$C$6:$C$105,">"&D29) -> 3
A35: Hors tolérance estimé (ppm, loi normale) | B35: =IFERROR((NORMDIST(B28,$B$5,$B$6,TRUE())+1-NORMDIST(B29,$B$5,$B$6,TRUE()))*1000000,"") -> 7971.7075 | C35: =IFERROR((NORMDIST(C28,$B$5,$B$6,TRUE())+1-NORMDIST(C29,$B$5,$B$6,TRUE()))*1000000,"") -> 20776.18 | D35: =IFERROR((NORMDIST(D28,$B$5,$B$6,TRUE())+1-NORMDIST(D29,$B$5,$B$6,TRUE()))*1000000,"") -> 125902.63
A36: Verdict | B36: =IF($B$4<2,"",IF(B33>=$B$25,"Capable",IF(B32>=$B$25,"À recentrer","Dispersion trop grande"))) -> Dispersion trop grande | C36: =IF($B$4<2,"",IF(C33>=$B$25,"Capable",IF(C32>=$B$25,"À recentrer","Dispersion trop grande"))) -> Dispersion trop grande | D36: =IF($B$4<2,"",IF(D33>=$B$25,"Capable",IF(D32>=$B$25,"À recentrer","Dispersion trop grande"))) -> À recentrer
A38: Client 1 = plan des butées. Clients 2 et 3 calculés sur les valeurs fictives : les recalculer avec les vraies mesures (guide formateur).
A40: Client affiché sur le graphique (1, 2 ou 3) | B40: 1
A42: Tracé des limites | B42: N° pièce | C42: TI | D42: TS
A43: début | B43: 1 | C43: =INDEX($B$28:$D$28,$B$40) -> 11.85 | D43: =INDEX($B$29:$D$29,$B$40) -> 12
A44: fin | B44: =_xlfn.MAXIFS(Mesures!$A$6:$A$105,Mesures!$C$6:$C$105,"<>") -> 20 | C44: =INDEX($B$28:$D$28,$B$40) -> 11.85 | D44: =INDEX($B$29:$D$29,$B$40) -> 12
