Workbook

Sheet Lisez-moi
A1: Classeur 2 · Carte de contrôle X̄/R
A2: Pôle Formation UIMM CVDL · S. Jaubert · CQPM Technicien Qualité TQ6 · Novembre 2026
B4: À quoi sert ce classeur
B6: TP D du jour 2 (production simulée) et enquête sur fichiers réels. Les mesures sont saisies l'une après l'autre, dans l'ordre de production. Le classeur forme les sous-groupes, calcule les limites sur la phase 1, trace la carte et signale les alarmes.
B7: Mode d'emploi
B9: 1. Onglet Carte : choisir la taille des sous-groupes (2 à 5) et le nombre de sous-groupes de la phase 1, qui sert à calculer les limites.
B10: 2. Onglet Saisie : taper les mesures dans la colonne B, dans l'ordre de production. Pour un fichier df1 à df9, coller la colonne « diametre » en B6 et régler la taille des sous-groupes à 5.
B11: 3. Onglet Carte : lire les deux graphiques et la colonne Alarme. Un sous-groupe incomplet n'est pas tracé.
B12: 4. Onglet Formules : les formules des limites, théoriques (μ et σ connus) et avec les estimateurs X̄̄ et R̄, avec l'application numérique de la carte en cours. L'onglet Carte affiche aussi chaque formule à côté de sa limite.
B13: Les 50 valeurs de départ sont les diamètres de diamètre_butée.csv (TP Bachelor), réglage n = 5 et phase 1 = 5 : la dérive est réelle et les derniers sous-groupes sortent par le haut. Pour le TP D : effacer B6:B130 de l'onglet Saisie, puis régler n = 3 et phase 1 = 8 dans l'onglet Carte.
B14: Règles d'alarme programmées
B16: R1 : un point hors limites de contrôle (carte X̄ ou carte R).
B17: R2 : 7 points consécutifs du même côté de la ligne centrale.
B18: R3 : 6 points consécutifs qui montent, ou qui descendent.
... B25: Résultat calculé (ne pas modifier)

Sheet Saisie
A1: Saisie dans l'ordre de production
A2: Une mesure par ligne · colonne B
A5: Ordre | B5: Mesure (mm) | C5: Sous-groupe | D5: Remarque (opérateur, événement)
A6: 1 | B6: 11.87 | C6: =IF(B6="","",INT((A6-1)/Carte!$B$4)+1) -> 1
A7: 2 | B7: 11.86 | C7: =IF(B7="","",INT((A7-1)/Carte!$B$4)+1) -> 1
A8: 3 | B8: 11.84 | C8: =IF(B8="","",INT((A8-1)/Carte!$B$4)+1) -> 1
A9: 4 | B9: 11.88 | C9: =IF(B9="","",INT((A9-1)/Carte!$B$4)+1) -> 1
A10: 5 | B10: 11.87 | C10: =IF(B10="","",INT((A10-1)/Carte!$B$4)+1) -> 1
A11: 6 | B11: 11.87 | C11: =IF(B11="","",INT((A11-1)/Carte!$B$4)+1) -> 2
A12: 7 | B12: 11.85 | C12: =IF(B12="","",INT((A12-1)/Carte!$B$4)+1) -> 2
A13: 8 | B13: 11.86 | C13: =IF(B13="","",INT((A13-1)/Carte!$B$4)+1) -> 2
A14: 9 | B14: 11.84 | C14: =IF(B14="","",INT((A14-1)/Carte!$B$4)+1) -> 2
A15: 10 | B15: 11.89 | C15: =IF(B15="","",INT((A15-1)/Carte!$B$4)+1) -> 2
A16: 11 | B16: 11.91 | C16: =IF(B16="","",INT((A16-1)/Carte!$B$4)+1) -> 3
A17: 12 | B17: 11.9 | C17: =IF(B17="","",INT((A17-1)/Carte!$B$4)+1) -> 3
... A55: 50 | B55: 11.948 | C55: =IF(B55="","",INT((A55-1)/Carte!$B$4)+1) -> 10
A56: 51 | C56: =IF(B56="","",INT((A56-1)/Carte!$B$4)+1)
A57: 52 | C57: =IF(B57="","",INT((A57-1)/Carte!$B$4)+1)
A58: 53 | C58: =IF(B58="","",INT((A58-1)/Carte!$B$4)+1)
A59: 54 | C59: =IF(B59="","",INT((A59-1)/Carte!$B$4)+1)
A60: 55 | C60: =IF(B60="","",INT((A60-1)/Carte!$B$4)+1)
A61: 56 | C61: =IF(B61="","",INT((A61-1)/Carte!$B$4)+1)
A62: 57 | C62: =IF(B62="","",INT((A62-1)/Carte!$B$4)+1)
A63: 58 | C63: =IF(B63="","",INT((A63-1)/Carte!$B$4)+1)
A64: 59 | C64: =IF(B64="","",INT((A64-1)/Carte!$B$4)+1)
A65: 60 | C65: =IF(B65="","",INT((A65-1)/Carte!$B$4)+1)
A66: 61 | C66: =IF(B66="","",INT((A66-1)/Carte!$B$4)+1)
A67: 62 | C67: =IF(B67="","",INT((A67-1)/Carte!$B$4)+1)
... A130: 125 | C130: =IF(B130="","",INT((A130-1)/Carte!$B$4)+1)

Sheet Carte
A1: Carte X̄/R
A2: Limites calculées sur la phase 1, puis figées
A4: Taille des sous-groupes n (2 à 5) | B4: 5
A5: Sous-groupes de la phase 1 (calcul des limites) | B5: 5
A6: Sous-groupes complets en phase 1 | B6: =COUNTIFS(A20:A44,"<="&B5,B20:B44,"<>") -> 5 | C6: =IF(B6<B5,"Phase 1 incomplète : limites provisoires","")
A8: Constantes pour n | B8: =INDEX(Constantes!$B$5:$B$8,MATCH($B$4,Constantes!$A$5:$A$8,0)) -> 0.577 | C8: A2 | D8: =INDEX(Constantes!$C$5:$C$8,MATCH($B$4,Constantes!$A$5:$A$8,0)) -> 0 | E8: D3 | F8: =INDEX(Constantes!$D$5:$D$8,MATCH($B$4,Constantes!$A$5:$A$8,0)) -> 2.114 | G8: D4
C9: Formule (estimateurs) | D9: Application numérique
A10: Ligne centrale X̄̄ (moyenne des moyennes) | B10: =IFERROR(AVERAGEIFS(B20:B44,A20:A44,"<="&B5),"") -> 11.8836 | C10: X̄̄ = moyenne des X̄ de la phase 1 | D10: =IF(B10="","","sur les "&B6&" premiers sous-groupes") -> sur les 5 premiers sous-groupes
A11: R̄ (moyenne des étendues) | B11: =IFERROR(AVERAGEIFS(C20:C44,A20:A44,"<="&B5),"") -> 0.044 | C11: R̄ = moyenne des R de la phase 1 | D11: =IF(B11="","","sur les "&B6&" premiers sous-groupes") -> sur les 5 premiers sous-groupes
A12: Limite supérieure de contrôle X̄ (LSC) | B12: =IFERROR(B10+B8*B11,"") -> 11.908988 | C12: X̄̄ + A₂ × R̄ | D12: =IF(B12="","",FIXED(B10,4,TRUE())&" + "&FIXED(B8,3,TRUE())&" × "&FIXED(B11,4,TRUE())&" = "&FIXED(B12,4,TRUE())) -> 11.8836 + 0.577 × 0.0440 = 11.9090
A13: Limite inférieure de contrôle X̄ (LIC) | B13: =IFERROR(B10-B8*B11,"") -> 11.858212 | C13: X̄̄ − A₂ × R̄ | D13: =IF(B13="","",FIXED(B10,4,TRUE())&" − "&FIXED(B8,3,TRUE())&" × "&FIXED(B11,4,TRUE())&" = "&FIXED(B13,4,TRUE())) -> 11.8836 − 0.577 × 0.0440 = 11.8582
A14: Limite supérieure de contrôle R | B14: =IFERROR(F8*B11,"") -> 0.093016 | C14: D₄ × R̄ | D14: =IF(B14="","",FIXED(F8,3,TRUE())&" × "&FIXED(B11,4,TRUE())&" = "&FIXED(B14,4,TRUE())) -> 2.114 × 0.0440 = 0.0930
A15: Limite inférieure de contrôle R | B15: =IFERROR(D8*B11,"") -> 0 | C15: D₃ × R̄ | D15: =IF(B15="","",FIXED(D8,3,TRUE())&" × "&FIXED(B11,4,TRUE())&" = "&FIXED(B15,4,TRUE())) -> 0.000 × 0.0440 = 0.0000
A16: Voix du procédé : ces limites sont calculées sur les mesures, rien à voir avec les tolérances du plan. Formules théoriques et justification : onglet Formules.
A19: Sous-groupe | B19: X̄ | C19: R | D19: Phase | E19: R1 hors limites | F19: R2 7 du même côté | G19: Alarme | H19: X̄ tracé | I19: R tracé | J19: R3 6 en pente
A20: 1 | B20: =IF(COUNTIF(Saisie!$C$6:$C$130,A20)<$B$4,"",AVERAGEIF(Saisie!$C$6:$C$130,A20,Saisie!$B$6:$B$130)) -> 11.864 | C20: =IF(B20="","",_xlfn.MAXIFS(Saisie!$B$6:$B$130,Saisie!$C$6:$C$130,A20)-_xlfn.MINIFS(Saisie!$B$6:$B$130,Saisie!$C$6:$C$130,A20)) -> 0.04 | D20: =IF(A20<=$B$5,"1","2") -> 1 | E20: =IF(OR(B20="",$B$12=""),"",IF(OR(B20>$B$12,B20<$B$13,C20>$B$14,C20<$B$15),"R1","")) | G20: =IF(B20="","",IF(E20&F20&J20="","OK","ALARME "&TRIM(E20&" "&F20&" "&J20))) -> OK | H20: =IF(B20="",NA(),B20) -> 11.864 | I20: =IF(C20="",NA(),C20) -> 0.04
A21: 2 | B21: =IF(COUNTIF(Saisie!$C$6:$C$130,A21)<$B$4,"",AVERAGEIF(Saisie!$C$6:$C$130,A21,Saisie!$B$6:$B$130)) -> 11.862 | C21: =IF(B21="","",_xlfn.MAXIFS(Saisie!$B$6:$B$130,Saisie!$C$6:$C$130,A21)-_xlfn.MINIFS(Saisie!$B$6:$B$130,Saisie!$C$6:$C$130,A21)) -> 0.05 | D21: =IF(A21<=$B$5,"1","2") -> 1 | E21: =IF(OR(B21="",$B$12=""),"",IF(OR(B21>$B$12,B21<$B$13,C21>$B$14,C21<$B$15),"R1","")) | G21: =IF(B21="","",IF(E21&F21&J21="","OK","ALARME "&TRIM(E21&" "&F21&" "&J21))) -> OK | H21: =IF(B21="",NA(),B21) -> 11.862 | I21: =IF(C21="",NA(),C21) -> 0.05
A22: 3 | B22: =IF(COUNTIF(Saisie!$C$6:$C$130,A22)<$B$4,"",AVERAGEIF(Saisie!$C$6:$C$130,A22,Saisie!$B$6:$B$130)) -> 11.884 | C22: =IF(B22="","",_xlfn.MAXIFS(Saisie!$B$6:$B$130,Saisie!$C$6:$C$130,A22)-_xlfn.MINIFS(Saisie!$B$6:$B$130,Saisie!$C$6:$C$130,A22)) -> 0.05 | D22: =IF(A22<=$B$5,"1","2") -> 1 | E22: =IF(OR(B22="",$B$12=""),"",IF(OR(B22>$B$12,B22<$B$13,C22>$B$14,C22<$B$15),"R1","")) | G22: =IF(B22="","",IF(E22&F22&J22="","OK","ALARME "&TRIM(E22&" "&F22&" "&J22))) -> OK | H22: =IF(B22="",NA(),B22) -> 11.884 | I22: =IF(C22="",NA(),C22) -> 0.05
A23: 4 | B23: =IF(COUNTIF(Saisie!$C$6:$C$130,A23)<$B$4,"",AVERAGEIF(Saisie!$C$6:$C$130,A23,Saisie!$B$6:$B$130)) -> 11.898 | C23: =IF(B23="","",_xlfn.MAXIFS(Saisie!$B$6:$B$130,Saisie!$C$6:$C$130,A23)-_xlfn.MINIFS(Saisie!$B$6:$B$130,Saisie!$C$6:$C$130,A23)) -> 0.04 | D23: =IF(A23<=$B$5,"1","2") -> 1 | E23: =IF(OR(B23="",$B$12=""),"",IF(OR(B23>$B$12,B23<$B$13,C23>$B$14,C23<$B$15),"R1","")) | G23: =IF(B23="","",IF(E23&F23&J23="","OK","ALARME "&TRIM(E23&" "&F23&" "&J23))) -> OK | H23: =IF(B23="",NA(),B23) -> 11.898 | I23: =IF(C23="",NA(),C23) -> 0.04
A24: 5 | B24: =IF(COUNTIF(Saisie!$C$6:$C$130,A24)<$B$4,"",AVERAGEIF(Saisie!$C$6:$C$130,A24,Saisie!$B$6:$B$130)) -> 11.91 | C24: =IF(B24="","",_xlfn.MAXIFS(Saisie!$B$6:$B$130,Saisie!$C$6:$C$130,A24)-_xlfn.MINIFS(Saisie!$B$6:$B$130,Saisie!$C$6:$C$130,A24)) -> 0.04 | D24: =IF(A24<=$B$5,"1","2") -> 1 | E24: =IF(OR(B24="",$B$12=""),"",IF(OR(B24>$B$12,B24<$B$13,C24>$B$14,C24<$B$15),"R1","")) -> R1 | G24: =IF(B24="","",IF(E24&F24&J24="","OK","ALARME "&TRIM(E24&" "&F24&" "&J24))) -> ALARME R1 | H24: =IF(B24="",NA(),B24) -> 11.91 | I24: =IF(C24="",NA(),C24) -> 0.04
A25: 6 | B25: =IF(COUNTIF(Saisie!$C$6:$C$130,A25)<$B$4,"",AVERAGEIF(Saisie!$C$6:$C$130,A25,Saisie!$B$6:$B$130)) -> 11.902 | C25: =IF(B25="","",_xlfn.MAXIFS(Saisie!$B$6:$B$130,Saisie!$C$6:$C$130,A25)-_xlfn.MINIFS(Saisie!$B$6:$B$130,Saisie!$C$6:$C$130,A25)) -> 0.08 | D25: =IF(A25<=$B$5,"1","2") -> 2 | E25: =IF(OR(B25="",$B$12=""),"",IF(OR(B25>$B$12,B25<$B$13,C25>$B$14,C25<$B$15),"R1","")) | G25: =IF(B25="","",IF(E25&F25&J25="","OK","ALARME "&TRIM(E25&" "&F25&" "&J25))) -> OK | H25: =IF(B25="",NA(),B25) -> 11.902 | I25: =IF(C25="",NA(),C25) -> 0.08 | J25: =IF(B25="","",IF(COUNT(B20:B25)<6,"",IF(OR(AND(B25>B24,B24>B23,B23>B22,B22>B21,B21>B20),AND(B25<B24,B24<B23,B23<B22,B22<B21,B21<B20)),"R3","")))
A26: 7 | B26: =IF(COUNTIF(Saisie!$C$6:$C$130,A26)<$B$4,"",AVERAGEIF(Saisie!$C$6:$C$130,A26,Saisie!$B$6:$B$130)) -> 11.928 | C26: =IF(B26="","",_xlfn.MAXIFS(Saisie!$B$6:$B$130,Saisie!$C$6:$C$130,A26)-_xlfn.MINIFS(Saisie!$B$6:$B$130,Saisie!$C$6:$C$130,A26)) -> 0.05 | D26: =IF(A26<=$B$5,"1","2") -> 2 | E26: =IF(OR(B26="",$B$12=""),"",IF(OR(B26>$B$12,B26<$B$13,C26>$B$14,C26<$B$15),"R1","")) -> R1 | F26: =IF(OR(B26="",$B$10=""),"",IF(COUNT(B20:B26)<7,"",IF(OR(COUNTIF(B20:B26,">"&$B$10)=7,COUNTIF(B20:B26,"<"&$B$10)=7),"R2",""))) | G26: =IF(B26="","",IF(E26&F26&J26="","OK","ALARME "&TRIM(E26&" "&F26&" "&J26))) -> ALARME R1 | H26: =IF(B26="",NA(),B26) -> 11.928 | I26: =IF(C26="",NA(),C26) -> 0.05 | J26: =IF(B26="","",IF(COUNT(B21:B26)<6,"",IF(OR(AND(B26>B25,B25>B24,B24>B23,B23>B22,B22>B21),AND(B26<B25,B25<B24,B24<B23,B23<B22,B22<B21)),"R3","")))
A27: 8 | B27: =IF(COUNTIF(Saisie!$C$6:$C$130,A27)<$B$4,"",AVERAGEIF(Saisie!$C$6:$C$130,A27,Saisie!$B$6:$B$130)) -> 11.9352 | C27: =IF(B27="","",_xlfn.MAXIFS(Saisie!$B$6:$B$130,Saisie!$C$6:$C$130,A27)-_xlfn.MINIFS(Saisie!$B$6:$B$130,Saisie!$C$6:$C$130,A27)) -> 0.026 | D27: =IF(A27<=$B$5,"1","2") -> 2 | E27: =IF(OR(B27="",$B$12=""),"",IF(OR(B27>$B$12,B27<$B$13,C27>$B$14,C27<$B$15),"R1","")) -> R1 | F27: =IF(OR(B27="",$B$10=""),"",IF(COUNT(B21:B27)<7,"",IF(OR(COUNTIF(B21:B27,">"&$B$10)=7,COUNTIF(B21:B27,"<"&$B$10)=7),"R2",""))) | G27: =IF(B27="","",IF(E27&F27&J27="","OK","ALARME "&TRIM(E27&" "&F27&" "&J27))) -> ALARME R1 | H27: =IF(B27="",NA(),B27) -> 11.9352 | I27: =IF(C27="",NA(),C27) -> 0.026 | J27: =IF(B27="","",IF(COUNT(B22:B27)<6,"",IF(OR(AND(B27>B26,B26>B25,B25>B24,B24>B23,B23>B22),AND(B27<B26,B26<B25,B25<B24,B24<B23,B23<B22)),"R3","")))
A28: 9 | B28: =IF(COUNTIF(Saisie!$C$6:$C$130,A28)<$B$4,"",AVERAGEIF(Saisie!$C$6:$C$130,A28,Saisie!$B$6:$B$130)) -> 11.9422 | C28: =IF(B28="","",_xlfn.MAXIFS(Saisie!$B$6:$B$130,Saisie!$C$6:$C$130,A28)-_xlfn.MINIFS(Saisie!$B$6:$B$130,Saisie!$C$6:$C$130,A28)) -> 0.024 | D28: =IF(A28<=$B$5,"1","2") -> 2 | E28: =IF(OR(B28="",$B$12=""),"",IF(OR(B28>$B$12,B28<$B$13,C28>$B$14,C28<$B$15),"R1","")) -> R1 | F28: =IF(OR(B28="",$B$10=""),"",IF(COUNT(B22:B28)<7,"",IF(OR(COUNTIF(B22:B28,">"&$B$10)=7,COUNTIF(B22:B28,"<"&$B$10)=7),"R2",""))) -> R2 | G28: =IF(B28="","",IF(E28&F28&J28="","OK","ALARME "&TRIM(E28&" "&F28&" "&J28))) -> ALARME R1 R2 | H28: =IF(B28="",NA(),B28) -> 11.9422 | I28: =IF(C28="",NA(),C28) -> 0.024 | J28: =IF(B28="","",IF(COUNT(B23:B28)<6,"",IF(OR(AND(B28>B27,B27>B26,B26>B25,B25>B24,B24>B23),AND(B28<B27,B27<B26,B26<B25,B25<B24,B24<B23)),"R3","")))
A29: 10 | B29: =IF(COUNTIF(Saisie!$C$6:$C$130,A29)<$B$4,"",AVERAGEIF(Saisie!$C$6:$C$130,A29,Saisie!$B$6:$B$130)) -> 11.9604 | C29: =IF(B29="","",_xlfn.MAXIFS(Saisie!$B$6:$B$130,Saisie!$C$6:$C$130,A29)-_xlfn.MINIFS(Saisie!$B$6:$B$130,Saisie!$C$6:$C$130,A29)) -> 0.04 | D29: =IF(A29<=$B$5,"1","2") -> 2 | E29: =IF(OR(B29="",$B$12=""),"",IF(OR(B29>$B$12,B29<$B$13,C29>$B$14,C29<$B$15),"R1","")) -> R1 | F29: =IF(OR(B29="",$B$10=""),"",IF(COUNT(B23:B29)<7,"",IF(OR(COUNTIF(B23:B29,">"&$B$10)=7,COUNTIF(B23:B29,"<"&$B$10)=7),"R2",""))) -> R2 | G29: =IF(B29="","",IF(E29&F29&J29="","OK","ALARME "&TRIM(E29&" "&F29&" "&J29))) -> ALARME R1 R2 | H29: =IF(B29="",NA(),B29) -> 11.9604 | I29: =IF(C29="",NA(),C29) -> 0.04 | J29: =IF(B29="","",IF(COUNT(B24:B29)<6,"",IF(OR(AND(B29>B28,B28>B27,B27>B26,B26>B25,B25>B24),AND(B29<B28,B28<B27,B27<B26,B26<B25,B25<B24)),"R3","")))
A30: 11 | B30: =IF(COUNTIF(Saisie!$C$6:$C$130,A30)<$B$4,"",AVERAGEIF(Saisie!$C$6:$C$130,A30,Saisie!$B$6:$B$130)) | C30: =IF(B30="","",_xlfn.MAXIFS(Saisie!$B$6:$B$130,Saisie!$C$6:$C$130,A30)-_xlfn.MINIFS(Saisie!$B$6:$B$130,Saisie!$C$6:$C$130,A30)) | D30: =IF(A30<=$B$5,"1","2") -> 2 | E30: =IF(OR(B30="",$B$12=""),"",IF(OR(B30>$B$12,B30<$B$13,C30>$B$14,C30<$B$15),"R1","")) | F30: =IF(OR(B30="",$B$10=""),"",IF(COUNT(B24:B30)<7,"",IF(OR(COUNTIF(B24:B30,">"&$B$10)=7,COUNTIF(B24:B30,"<"&$B$10)=7),"R2",""))) | G30: =IF(B30="","",IF(E30&F30&J30="","OK","ALARME "&TRIM(E30&" "&F30&" "&J30))) | H30: =IF(B30="",NA(),B30) -> #N/A | I30: =IF(C30="",NA(),C30) -> #N/A | J30: =IF(B30="","",IF(COUNT(B25:B30)<6,"",IF(OR(AND(B30>B29,B29>B28,B28>B27,B27>B26,B26>B25),AND(B30<B29,B29<B28,B28<B27,B27<B26,B26<B25)),"R3","")))
A31: 12 | B31: =IF(COUNTIF(Saisie!$C$6:$C$130,A31)<$B$4,"",AVERAGEIF(Saisie!$C$6:$C$130,A31,Saisie!$B$6:$B$130)) | C31: =IF(B31="","",_xlfn.MAXIFS(Saisie!$B$6:$B$130,Saisie!$C$6:$C$130,A31)-_xlfn.MINIFS(Saisie!$B$6:$B$130,Saisie!$C$6:$C$130,A31)) | D31: =IF(A31<=$B$5,"1","2") -> 2 | E31: =IF(OR(B31="",$B$12=""),"",IF(OR(B31>$B$12,B31<$B$13,C31>$B$14,C31<$B$15),"R1","")) | F31: =IF(OR(B31="",$B$10=""),"",IF(COUNT(B25:B31)<7,"",IF(OR(COUNTIF(B25:B31,">"&$B$10)=7,COUNTIF(B25:B31,"<"&$B$10)=7),"R2",""))) | G31: =IF(B31="","",IF(E31&F31&J31="","OK","ALARME "&TRIM(E31&" "&F31&" "&J31))) | H31: =IF(B31="",NA(),B31) -> #N/A | I31: =IF(C31="",NA(),C31) -> #N/A | J31: =IF(B31="","",IF(COUNT(B26:B31)<6,"",IF(OR(AND(B31>B30,B30>B29,B29>B28,B28>B27,B27>B26),AND(B31<B30,B30<B29,B29<B28,B28<B27,B27<B26)),"R3","")))
A32: 13 | B32: =IF(COUNTIF(Saisie!$C$6:$C$130,A32)<$B$4,"",AVERAGEIF(Saisie!$C$6:$C$130,A32,Saisie!$B$6:$B$130)) | C32: =IF(B32="","",_xlfn.MAXIFS(Saisie!$B$6:$B$130,Saisie!$C$6:$C$130,A32)-_xlfn.MINIFS(Saisie!$B$6:$B$130,Saisie!$C$6:$C$130,A32)) | D32: =IF(A32<=$B$5,"1","2") -> 2 | E32: =IF(OR(B32="",$B$12=""),"",IF(OR(B32>$B$12,B32<$B$13,C32>$B$14,C32<$B$15),"R1","")) | F32: =IF(OR(B32="",$B$10=""),"",IF(COUNT(B26:B32)<7,"",IF(OR(COUNTIF(B26:B32,">"&$B$10)=7,COUNTIF(B26:B32,"<"&$B$10)=7),"R2",""))) | G32: =IF(B32="","",IF(E32&F32&J32="","OK","ALARME "&TRIM(E32&" "&F32&" "&J32))) | H32: =IF(B32="",NA(),B32) -> #N/A | I32: =IF(C32="",NA(),C32) -> #N/A | J32: =IF(B32="","",IF(COUNT(B27:B32)<6,"",IF(OR(AND(B32>B31,B31>B30,B30>B29,B29>B28,B28>B27),AND(B32<B31,B31<B30,B30<B29,B29<B28,B28<B27)),"R3","")))
A33: 14 | B33: =IF(COUNTIF(Saisie!$C$6:$C$130,A33)<$B$4,"",AVERAGEIF(Saisie!$C$6:$C$130,A33,Saisie!$B$6:$B$130)) | C33: =IF(B33="","",_xlfn.MAXIFS(Saisie!$B$6:$B$130,Saisie!$C$6:$C$130,A33)-_xlfn.MINIFS(Saisie!$B$6:$B$130,Saisie!$C$6:$C$130,A33)) | D33: =IF(A33<=$B$5,"1","2") -> 2 | E33: =IF(OR(B33="",$B$12=""),"",IF(OR(B33>$B$12,B33<$B$13,C33>$B$14,C33<$B$15),"R1","")) | F33: =IF(OR(B33="",$B$10=""),"",IF(COUNT(B27:B33)<7,"",IF(OR(COUNTIF(B27:B33,">"&$B$10)=7,COUNTIF(B27:B33,"<"&$B$10)=7),"R2",""))) | G33: =IF(B33="","",IF(E33&F33&J33="","OK","ALARME "&TRIM(E33&" "&F33&" "&J33))) | H33: =IF(B33="",NA(),B33) -> #N/A | I33: =IF(C33="",NA(),C33) -> #N/A | J33: =IF(B33="","",IF(COUNT(B28:B33)<6,"",IF(OR(AND(B33>B32,B32>B31,B31>B30,B30>B29,B29>B28),AND(B33<B32,B32<B31,B31<B30,B30<B29,B29<B28)),"R3","")))
A34: 15 | B34: =IF(COUNTIF(Saisie!$C$6:$C$130,A34)<$B$4,"",AVERAGEIF(Saisie!$C$6:$C$130,A34,Saisie!$B$6:$B$130)) | C34: =IF(B34="","",_xlfn.MAXIFS(Saisie!$B$6:$B$130,Saisie!$C$6:$C$130,A34)-_xlfn.MINIFS(Saisie!$B$6:$B$130,Saisie!$C$6:$C$130,A34)) | D34: =IF(A34<=$B$5,"1","2") -> 2 | E34: =IF(OR(B34="",$B$12=""),"",IF(OR(B34>$B$12,B34<$B$13,C34>$B$14,C34<$B$15),"R1","")) | F34: =IF(OR(B34="",$B$10=""),"",IF(COUNT(B28:B34)<7,"",IF(OR(COUNTIF(B28:B34,">"&$B$10)=7,COUNTIF(B28:B34,"<"&$B$10)=7),"R2",""))) | G34: =IF(B34="","",IF(E34&F34&J34="","OK","ALARME "&TRIM(E34&" "&F34&" "&J34))) | H34: =IF(B34="",NA(),B34) -> #N/A | I34: =IF(C34="",NA(),C34) -> #N/A | J34: =IF(B34="","",IF(COUNT(B29:B34)<6,"",IF(OR(AND(B34>B33,B33>B32,B32>B31,B31>B30,B30>B29),AND(B34<B33,B33<B32,B32<B31,B31<B30,B30<B29)),"R3","")))
A35: 16 | B35: =IF(COUNTIF(Saisie!$C$6:$C$130,A35)<$B$4,"",AVERAGEIF(Saisie!$C$6:$C$130,A35,Saisie!$B$6:$B$130)) | C35: =IF(B35="","",_xlfn.MAXIFS(Saisie!$B$6:$B$130,Saisie!$C$6:$C$130,A35)-_xlfn.MINIFS(Saisie!$B$6:$B$130,Saisie!$C$6:$C$130,A35)) | D35: =IF(A35<=$B$5,"1","2") -> 2 | E35: =IF(OR(B35="",$B$12=""),"",IF(OR(B35>$B$12,B35<$B$13,C35>$B$14,C35<$B$15),"R1","")) | F35: =IF(OR(B35="",$B$10=""),"",IF(COUNT(B29:B35)<7,"",IF(OR(COUNTIF(B29:B35,">"&$B$10)=7,COUNTIF(B29:B35,"<"&$B$10)=7),"R2",""))) | G35: =IF(B35="","",IF(E35&F35&J35="","OK","ALARME "&TRIM(E35&" "&F35&" "&J35))) | H35: =IF(B35="",NA(),B35) -> #N/A | I35: =IF(C35="",NA(),C35) -> #N/A | J35: =IF(B35="","",IF(COUNT(B30:B35)<6,"",IF(OR(AND(B35>B34,B34>B33,B33>B32,B32>B31,B31>B30),AND(B35<B34,B34<B33,B33<B32,B32<B31,B31<B30)),"R3","")))
A36: 17 | B36: =IF(COUNTIF(Saisie!$C$6:$C$130,A36)<$B$4,"",AVERAGEIF(Saisie!$C$6:$C$130,A36,Saisie!$B$6:$B$130)) | C36: =IF(B36="","",_xlfn.MAXIFS(Saisie!$B$6:$B$130,Saisie!$C$6:$C$130,A36)-_xlfn.MINIFS(Saisie!$B$6:$B$130,Saisie!$C$6:$C$130,A36)) | D36: =IF(A36<=$B$5,"1","2") -> 2 | E36: =IF(OR(B36="",$B$12=""),"",IF(OR(B36>$B$12,B36<$B$13,C36>$B$14,C36<$B$15),"R1","")) | F36: =IF(OR(B36="",$B$10=""),"",IF(COUNT(B30:B36)<7,"",IF(OR(COUNTIF(B30:B36,">"&$B$10)=7,COUNTIF(B30:B36,"<"&$B$10)=7),"R2",""))) | G36: =IF(B36="","",IF(E36&F36&J36="","OK","ALARME "&TRIM(E36&" "&F36&" "&J36))) | H36: =IF(B36="",NA(),B36) -> #N/A | I36: =IF(C36="",NA(),C36) -> #N/A | J36: =IF(B36="","",IF(COUNT(B31:B36)<6,"",IF(OR(AND(B36>B35,B35>B34,B34>B33,B33>B32,B32>B31),AND(B36<B35,B35<B34,B34<B33,B33<B32,B32<B31)),"R3","")))
A37: 18 | B37: =IF(COUNTIF(Saisie!$C$6:$C$130,A37)<$B$4,"",AVERAGEIF(Saisie!$C$6:$C$130,A37,Saisie!$B$6:$B$130)) | C37: =IF(B37="","",_xlfn.MAXIFS(Saisie!$B$6:$B$130,Saisie!$C$6:$C$130,A37)-_xlfn.MINIFS(Saisie!$B$6:$B$130,Saisie!$C$6:$C$130,A37)) | D37: =IF(A37<=$B$5,"1","2") -> 2 | E37: =IF(OR(B37="",$B$12=""),"",IF(OR(B37>$B$12,B37<$B$13,C37>$B$14,C37<$B$15),"R1","")) | F37: =IF(OR(B37="",$B$10=""),"",IF(COUNT(B31:B37)<7,"",IF(OR(COUNTIF(B31:B37,">"&$B$10)=7,COUNTIF(B31:B37,"<"&$B$10)=7),"R2",""))) | G37: =IF(B37="","",IF(E37&F37&J37="","OK","ALARME "&TRIM(E37&" "&F37&" "&J37))) | H37: =IF(B37="",NA(),B37) -> #N/A | I37: =IF(C37="",NA(),C37) -> #N/A | J37: =IF(B37="","",IF(COUNT(B32:B37)<6,"",IF(OR(AND(B37>B36,B36>B35,B35>B34,B34>B33,B33>B32),AND(B37<B36,B36<B35,B35<B34,B34<B33,B33<B32)),"R3","")))
... A44: 25 | B44: =IF(COUNTIF(Saisie!$C$6:$C$130,A44)<$B$4,"",AVERAGEIF(Saisie!$C$6:$C$130,A44,Saisie!$B$6:$B$130)) | C44: =IF(B44="","",_xlfn.MAXIFS(Saisie!$B$6:$B$130,Saisie!$C$6:$C$130,A44)-_xlfn.MINIFS(Saisie!$B$6:$B$130,Saisie!$C$6:$C$130,A44)) | D44: =IF(A44<=$B$5,"1","2") -> 2 | E44: =IF(OR(B44="",$B$12=""),"",IF(OR(B44>$B$12,B44<$B$13,C44>$B$14,C44<$B$15),"R1","")) | F44: =IF(OR(B44="",$B$10=""),"",IF(COUNT(B38:B44)<7,"",IF(OR(COUNTIF(B38:B44,">"&$B$10)=7,COUNTIF(B38:B44,"<"&$B$10)=7),"R2",""))) | G44: =IF(B44="","",IF(E44&F44&J44="","OK","ALARME "&TRIM(E44&" "&F44&" "&J44))) | H44: =IF(B44="",NA(),B44) -> #N/A | I44: =IF(C44="",NA(),C44) -> #N/A | J44: =IF(B44="","",IF(COUNT(B39:B44)<6,"",IF(OR(AND(B44>B43,B43>B42,B42>B41,B41>B40,B40>B39),AND(B44<B43,B43<B42,B42<B41,B41<B40,B40<B39)),"R3","")))
A47: Tracé des limites | B47: x | C47: LSC X̄ | D47: Centre X̄ | E47: LIC X̄ | F47: LSC R | G47: R̄ | H47: LIC R
B48: 0.5 | C48: =$B$12 -> 11.908988 | D48: =$B$10 -> 11.8836 | E48: =$B$13 -> 11.858212 | F48: =$B$14 -> 0.093016 | G48: =$B$11 -> 0.044 | H48: =$B$15 -> 0
B49: 25.5 | C49: =$B$12 -> 11.908988 | D49: =$B$10 -> 11.8836 | E49: =$B$13 -> 11.858212 | F49: =$B$14 -> 0.093016 | G49: =$B$11 -> 0.044 | H49: =$B$15 -> 0
A51: Fin de phase 1 | B51: x | C51: y X̄ | D51: y R
B52: =$B$5+0.5 -> 5.5 | C52: =MIN(B20:B44,B13) -> 11.858212 | D52: 0
B53: =$B$5+0.5 -> 5.5 | C53: =MAX(B20:B44,B12) -> 11.9604 | D53: =MAX(C20:C44,B14) -> 0.093016

Sheet Formules
A1: Les formules des limites de contrôle
A2: Théoriques (μ et σ connus) puis avec les estimateurs (X̄̄ et R̄) · application numérique en direct
A4: 1. Le principe
A5: Sur une carte, on trace une statistique (la moyenne X̄ ou l'étendue R d'un sous-groupe de n pièces). Ses limites de contrôle sont : sa valeur moyenne ± 3 fois son écart-type. Si le procédé ne change pas, un point sort des limites environ 3 fois sur 1 000.
A7: 2. Formules théoriques : μ et σ du procédé sont connus
A8: Deux résultats suffisent. La moyenne de n pièces a pour écart-type σ/√n. L'étendue de n pièces a pour moyenne d₂·σ et pour écart-type d₃·σ (d₂ et d₃ : onglet Constantes).
A9: Carte | B9: Ligne centrale | C9: Limite supérieure (LSC) | D9: Limite inférieure (LIC)
A10: Carte X̄ | B10: μ | C10: μ + 3σ/√n = μ + A·σ | D10: μ − 3σ/√n = μ − A·σ
A11: Carte R | B11: d₂·σ | C11: d₂·σ + 3d₃·σ = D₂·σ | D11: max(0 ; d₂·σ − 3d₃·σ) = D₁·σ
A13: 3. Formules pratiques : on estime μ et σ sur la phase 1
A14: En atelier, μ et σ sont inconnus. On les estime sur les k premiers sous-groupes (phase 1) : μ̂ = X̄̄ (moyenne des moyennes) et σ̂ = R̄ / d₂ (moyenne des étendues, convertie en écart-type). En remplaçant dans les formules théoriques :
A15: Carte | B15: Ligne centrale | C15: Limite supérieure (LSC) | D15: Limite inférieure (LIC)
A16: Carte X̄ | B16: X̄̄ | C16: X̄̄ + 3R̄/(d₂√n) = X̄̄ + A₂·R̄ | D16: X̄̄ − A₂·R̄
A17: Carte R | B17: R̄ | C17: R̄ + 3d₃·R̄/d₂ = D₄·R̄ | D17: max(0 ; R̄ − 3d₃·R̄/d₂) = D₃·R̄
A18: Donc A₂ = 3/(d₂√n), D₄ = 1 + 3d₃/d₂ et D₃ = max(0 ; 1 − 3d₃/d₂) : les constantes des tables ne sont que ces formules calculées d'avance.
A20: 4. Application numérique sur la carte en cours
A21: Taille des sous-groupes n | B21: =Carte!B4 -> 5
A22: Sous-groupes de la phase 1 k | B22: =Carte!B6 -> 5
A23: X̄̄ (estimation de μ) | B23: =Carte!B10 -> 11.8836
A24: R̄ | B24: =Carte!B11 -> 0.044
A25: d₂ et d₃ pour n | B25: =INDEX(Constantes!$E$5:$E$8,MATCH(Carte!$B$4,Constantes!$A$5:$A$8,0)) -> 2.326 | C25: =INDEX(Constantes!$F$5:$F$8,MATCH(Carte!$B$4,Constantes!$A$5:$A$8,0)) -> 0.864
A26: σ̂ = R̄ / d₂ | B26: =IFERROR(B24/B25,"") -> 0.018916595
A27: LSC X̄ par la formule longue : X̄̄ + 3σ̂/√n | B27: =IFERROR(B23+3*B26/SQRT(B21),"") -> 11.908979 | C27: =IFERROR("avec A₂ : "&FIXED(Carte!B12,4,TRUE()),"") -> avec A₂ : 11.9090
A28: LIC X̄ par la formule longue : X̄̄ − 3σ̂/√n | B28: =IFERROR(B23-3*B26/SQRT(B21),"") -> 11.858221 | C28: =IFERROR("avec A₂ : "&FIXED(Carte!B13,4,TRUE()),"") -> avec A₂ : 11.8582
A29: LSC R par la formule longue : (d₂ + 3d₃)·σ̂ | B29: =IFERROR((B25+3*C25)*B26,"") -> 0.093031814 | C29: =IFERROR("avec D₄ : "&FIXED(Carte!B14,4,TRUE()),"") -> avec D₄ : 0.0930
A30: LIC R par la formule longue : max(0 ; (d₂ − 3d₃)·σ̂) | B30: =IFERROR(MAX(0,(B25-3*C25)*B26),"") -> 0 | C30: =IFERROR("avec D₃ : "&FIXED(Carte!B15,4,TRUE()),"") -> avec D₃ : 0.0000
A32: Les deux calculs donnent le même résultat, aux arrondis des constantes près.
A34: 5. Facultatif : limites théoriques si μ et σ sont connus
A35: Par exemple μ et σ issus d'une étude de capabilité antérieure. Saisir les deux valeurs dans les cases jaunes.
A36: μ connu (mm)
A37: σ connu (mm)
A38: LSC X̄ = μ + A·σ | B38: =IF(COUNT(B36:B37)<2,"",B36+INDEX(Constantes!$G$5:$G$8,MATCH(Carte!$B$4,Constantes!$A$5:$A$8,0))*B37)
A39: LIC X̄ = μ − A·σ | B39: =IF(COUNT(B36:B37)<2,"",B36-INDEX(Constantes!$G$5:$G$8,MATCH(Carte!$B$4,Constantes!$A$5:$A$8,0))*B37)
A40: LC R = d₂·σ | B40: =IF(COUNT(B36:B37)<2,"",INDEX(Constantes!$E$5:$E$8,MATCH(Carte!$B$4,Constantes!$A$5:$A$8,0))*B37)
A41: LSC R = D₂·σ | B41: =IF(COUNT(B36:B37)<2,"",INDEX(Constantes!$I$5:$I$8,MATCH(Carte!$B$4,Constantes!$A$5:$A$8,0))*B37)
A42: LIC R = D₁·σ | B42: =IF(COUNT(B36:B37)<2,"",INDEX(Constantes!$H$5:$H$8,MATCH(Carte!$B$4,Constantes!$A$5:$A$8,0))*B37)

Sheet Constantes
A1: Constantes des cartes X̄/R
A2: Source : tables usuelles de Shewhart (ISO 7870-2, AIAG SPC)
A4: n | B4: A₂ | C4: D₃ | D4: D₄ | E4: d₂ | F4: d₃ | G4: A | H4: D₁ | I4: D₂
A5: 2 | B5: 1.88 | C5: 0 | D5: 3.267 | E5: 1.128 | F5: 0.853 | G5: 2.121 | H5: 0 | I5: 3.686
A6: 3 | B6: 1.023 | C6: 0 | D6: 2.574 | E6: 1.693 | F6: 0.888 | G6: 1.732 | H6: 0 | I6: 4.358
A7: 4 | B7: 0.729 | C7: 0 | D7: 2.282 | E7: 2.059 | F7: 0.88 | G7: 1.5 | H7: 0 | I7: 4.698
A8: 5 | B8: 0.577 | C8: 0 | D8: 2.114 | E8: 2.326 | F8: 0.864 | G8: 1.342 | H8: 0 | I8: 4.918
A11: D'où viennent ces constantes
A12: d₂ | B12: moyenne de l'étendue de n valeurs, en écarts-types : E(R) = d₂·σ
A13: d₃ | B13: écart-type de l'étendue de n valeurs, en écarts-types : σ(R) = d₃·σ
A14: A | B14: 3 / √n (carte X̄, σ connu)
A15: A₂ | B15: 3 / (d₂·√n) (carte X̄, σ estimé par R̄ / d₂)
A16: D₁ ; D₂ | B16: max(0 ; d₂ − 3·d₃) ; d₂ + 3·d₃ (carte R, σ connu)
A17: D₃ ; D₄ | B17: max(0 ; 1 − 3·d₃/d₂) ; 1 + 3·d₃/d₂ (carte R, σ estimé)
A19: Pour n ≤ 6, D₁ = D₃ = 0 : la limite inférieure de la carte R est nulle.
