Workbook
Name caseA: #REF!
Name Diagnostic: #REF!
Name Diagnostic: #REF!
Name Importance: #REF!
Name Importance: #REF!
Name titre: #REF!
Name titre2: #REF!

Sheet Sommaire
B1: Comment vous déplacer dans le classeur ?
C2: 1. Cliquez sur la case colorée pour atteindre l'onglet correspondant
C3: 2. Une fois dans l'onglet, cliquet sur le titre en BLEU pour revenir au sommaire
B5: Mesure et analyse de la simulation 1 | C5: Données Simulation 1 | D5: Pour saisir les résultats de la simulation 1
C7: Qualité | D7: Pour visualiser les résultats Qualité de la première simulation
C9: Performances Simulation 1 | D9: Pour visualiser le tableau de bord de l'entreprise à l'issue de la Simulation 1
C11: Takt time | D11: Pour calculer le takt time
C13: TRG | D13: Pour calculer le TRG (et saisir les temps gamme)
B16: Illustration des exposés | C16: Productivité | D16: Pour illustrer l'exposé fait par l'équipe projet PRODUCTIVITE
C18: Graphique de Flux | D18: Pour illustrer l'exposé fait par l'équipe projet FLUX
C20: Enquête de motivation | D20: Pour illustrer l'exposé fait par l'équipe projet QUALITE - RH
B22: Simulation 2 | C22: Performances Simulation 2 | D22: Pour visualiser le tableau de bord de l'entreprise à l'issue de la Simulation 2
B24: Protection | C24: Les feuilles sont protégées contre l'effacement des zones autres que celles destinées à la saisie.
C25: En cas de besoin, il est facile de les " déprotéger " (il n'y a pas de mot de passe)
B27: Conseil | C27: Pour mieux visualiser un onglet, utiliser le mode Affichage / Plein écran
B29: Graphiques | C29: Ils sont illisibles à l'ouverture du Fichier. Il faut rentrer des données pour qu'ils apparaissent.

Sheet Données Simulation 1
A1: Données Simulation 1
E3: Temps d'ouverture | N3: Délai OF traceur
E4: 12 | N4: Absolu | P4: Relatif
E5: minutes | G5: secondes | N5: min. | O5: sec. | P5: min. | Q5: sec.
M6: Lanct. | N6: 40 | O6: 0 | P6: 0 | Q6: 0
M7: Rect. | N7: 41 | P7: =IF(O7>=O$6,N7-N$6,N7-N$6-1) -> 1 | Q7: =N7*60+O7-N$6*60-O$6-P7*60 -> 0
C8: Lanct. | D8: Croix | E8: Etoile | F8: Ovale | G8: Rect. | H8: Triangle | I8: Vague | J8: Contrôle | K8: TOTAL | M8: Etoile | N8: 45 | P8: =IF(O8>=O$6,N8-N$6,N8-N$6-1) -> 5 | Q8: =N8*60+O8-N$6*60-O$6-P8*60 -> 0
B9: Effectifs | C9: 1 | D9: 1 | E9: 2 | F9: 1 | G9: 1 | H9: 1 | I9: 1 | J9: 1 | K9: =SUM(C9:J9) -> 9 | M9: Vague | N9: 47 | P9: =IF(O9>=O$6,N9-N$6,N9-N$6-1) -> 7 | Q9: =N9*60+O9-N$6*60-O$6-P9*60 -> 0
D10: Croix | E10: Etoile | F10: Ovale | G10: Rect. | H10: Triangle | I10: Vague | J10: USINE | M10: Triangle | N10: 48 | P10: =IF(O10>=O$6,N10-N$6,N10-N$6-1) -> 8 | Q10: =N10*60+O10-N$6*60-O$6-P10*60 -> 0
B11: Qté produite | D11: 25 | E11: 43 | F11: 19 | G11: 26 | H11: 34 | I11: 16 | J11: 67 | M11: Contrôle | N11: 49 | P11: =IF(O11>=O$6,N11-N$6,N11-N$6-1) -> 9 | Q11: =N11*60+O11-N$6*60-O$6-P11*60 -> 0
B12: Non conformes | D12: 3 | E12: 2 | F12: 2 | G12: 0 | H12: 5 | I12: 2 | J12: =SUM(D12:I12) -> 14
B13: % non conformes | D13: =IF(D11=0,0,D12/D11) -> 0.12 | E13: =IF(E11=0,0,E12/E11) -> 0.046511628 | F13: =IF(F11=0,0,F12/F11) -> 0.10526316 | G13: =IF(G11=0,0,G12/G11) -> 0 | H13: =IF(H11=0,0,H12/H11) -> 0.14705882 | I13: =IF(I11=0,0,I12/I11) -> 0.125 | J13: =IF(J11=0,0,J12/J11) -> 0.20895522 | L13: Stocks
B14: Qté bonne | D14: =D11-D12 -> 22 | E14: =E11-E12 -> 41 | F14: =F11-F12 -> 17 | G14: =G11-G12 -> 26 | H14: =H11-H12 -> 29 | I14: =I11-I12 -> 14 | J14: =J11-J12 -> 53 | L14: Croix | M14: Etoile | N14: Ovale | O14: Rect. | P14: Triangle | Q14: Vague | R14: Contrôle | S14: TOTAL
L15: 2 | M15: 4 | N15: 2 | O15: 4 | P15: 8 | Q15: 2 | R15: 2 | S15: =SUM(L15:R15) -> 24
B16: Productivité
B17: Tps. ouverture | D17: Effectif | F17: Qté. bonne
B18: =E4*60+G4 -> 720 | D18: =K9 -> 9 | F18: =J14 -> 53
B20: Temps x homme par produit bon | D20: =ROUNDDOWN(H20,0) -> 2 | F20: =H20*60-D20*60 -> 2.2641509 | H20: =IF(F18=0,0,D18*B18/F18/60) -> 2.0377358 | I20: valeur décimale

Sheet Qualité
A1: Qualité
C3: Croix | D3: Etoile | E3: Ovale | F3: Rect. | G3: Tri. | H3: Vague | I3: USINE
B4: % non conformes | C4: ='Données Simulation 1'!D13 -> 0.12 | D4: ='Données Simulation 1'!E13 -> 0.046511628 | E4: ='Données Simulation 1'!F13 -> 0.10526316 | F4: ='Données Simulation 1'!G13 -> 0 | G4: ='Données Simulation 1'!H13 -> 0.14705882 | H4: ='Données Simulation 1'!I13 -> 0.125 | I4: ='Données Simulation 1'!J13 -> 0.20895522

Sheet Performances Simul. 1
A1: Performances Simulation 1
C3: Indicateurs de performance
C4: Productivité / Coûts | E4: Délais | G4: Qualité | I4: Stocks
B5: Paleo | C5: 4 | D5: =10+C5 -> 14 | E5: 5 | F5: =60+5*E5 -> 85 | G5: 0.14 | H5: =MAX(100-G5*100*5,0) -> 30 | I5: 30 | J5: =8+I5*2/5 -> 20
B6: Concur. | C6: 2 | D6: =10+C6 -> 12 | E6: 2 | F6: =60+5*E6 -> 70 | G6: 0.06 | H6: =MAX(100-G6*100*5,0) -> 70 | I6: 20 | J6: =8+I6*2/5 -> 16
B7: Sim. 1 | C7: ='Données Simulation 1'!H20 -> 2.0377358 | D7: =10+C7 -> 12.037736 | E7: =('Données Simulation 1'!P11*60+'Données Simulation 1'!Q11)/60 -> 9 | F7: =60+5*E7 -> 105 | G7: ='Données Simulation 1'!J13 -> 0.20895522 | H7: =MAX(100-G7*100*5,0) -> 0 | I7: ='Données Simulation 1'!S15 -> 24 | J7: =8+I7*2/5 -> 17.6

Sheet Takt Time
A1: Takt Time
B2: Calcul du Takt time
B3: Ventes / an | C3: =IF(ISNA(VLOOKUP(C38,B40:C62,2,FALSE)),0,VLOOKUP(C38,B40:C62,2,FALSE)) -> 600000 | E3: voir table de calcul plus bas
C6: Croix | D6: Etoile | E6: Ovale | F6: Rect. | G6: Tri. | H6: Vague
B7: Opérations / an | C7: =C3*0.4 -> 240000 | D7: =C3*0.8 -> 480000 | E7: =C3*0.3 -> 180000 | F7: =C3*0.4 -> 240000 | G7: =C3*0.8 -> 480000 | H7: =C3*0.3 -> 180000
B8: Tps travail par an | C8: =2000*3600 -> 7200000
B9: Takt time | C9: =IF($C$7=0,0,$C$8/C7) -> 30 | D9: =IF($C$7=0,0,$C$8/D7) -> 15 | E9: =IF($C$7=0,0,$C$8/E7) -> 40 | F9: =IF($C$7=0,0,$C$8/F7) -> 30 | G9: =IF($C$7=0,0,$C$8/G7) -> 15 | H9: =IF($C$7=0,0,$C$8/H7) -> 40
B11: Calcul du temps de cycle
B12: Production atelier | C12: ='Données Simulation 1'!D11 -> 25 | D12: ='Données Simulation 1'!E11 -> 43 | E12: ='Données Simulation 1'!F11 -> 19 | F12: ='Données Simulation 1'!G11 -> 26 | G12: ='Données Simulation 1'!H11 -> 34 | H12: ='Données Simulation 1'!I11 -> 16
B13: Temps d'ouverture | C13: ='Données Simulation 1'!B18 -> 720
B14: % de charge
B15: Temps de charge | C15: =$C$13*C14 -> 0 | D15: =$C$13*D14 -> 0 | E15: =$C$13*E14 -> 0 | F15: =$C$13*F14 -> 0 | G15: =$C$13*G14 -> 0 | H15: =$C$13*H14 -> 0
B16: Tps de cycle | C16: =IF(C12=0,0,C15/C12) -> 0 | D16: =IF(D12=0,0,D15/D12) -> 0 | E16: =IF(E12=0,0,E15/E12) -> 0 | F16: =IF(F12=0,0,F15/F12) -> 0 | G16: =IF(G12=0,0,G15/G12) -> 0 | H16: =IF(H12=0,0,H15/H12) -> 0
B19: table de calcul des ventes
B37: Table de calcul des ventes
B38: Effectif actuel | C38: ='Données Simulation 1'!K9 -> 9
B39: Effectifs | C39: Ventes
B40: 8 | C40: 600000
B41: =B40+1 -> 9 | C41: 600000
B42: =B41+1 -> 10 | C42: 600000
B43: =B42+1 -> 11 | C43: 800000
B44: =B43+1 -> 12 | C44: 800000
B45: =B44+1 -> 13 | C45: 800000
B46: =B45+1 -> 14 | C46: 1000000
B47: =B46+1 -> 15 | C47: 1000000
B48: =B47+1 -> 16 | C48: 1000000
B49: =B48+1 -> 17 | C49: 1200000
B50: =B49+1 -> 18 | C50: 1200000
B51: =B50+1 -> 19 | C51: 1200000
B52: =B51+1 -> 20 | C52: 1200000
... B62: =B61+1 -> 30 | C62: 1700000

Sheet Feuil1
D4: TaktTime | E4: Temps Cycle
C5: C
C6: E
C7: O
C8: R
C9: T
C10: V

Sheet TRG
B1: TRG
B5: Calcul du TRG | C5: Croix | D5: Etoile | E5: Ovale | F5: Rect. | G5: Tria. | H5: Vague
B6: Temps gamme | C6: 7.5 | D6: 16.5 | E6: 18.5 | F6: 9.75 | G6: 15 | H6: 11.75
B7: Quantité produite bonne par poste | C7: =IF('Données Simulation 1'!D9=0,0,'Données Simulation 1'!D14/'Données Simulation 1'!D9) -> 22 | D7: =IF('Données Simulation 1'!E9=0,0,'Données Simulation 1'!E14/'Données Simulation 1'!E9) -> 20.5 | E7: =IF('Données Simulation 1'!F9=0,0,'Données Simulation 1'!F14/'Données Simulation 1'!F9) -> 17 | F7: =IF('Données Simulation 1'!G9=0,0,'Données Simulation 1'!G14/'Données Simulation 1'!G9) -> 26 | G7: =IF('Données Simulation 1'!H9=0,0,'Données Simulation 1'!H14/'Données Simulation 1'!H9) -> 29 | H7: =IF('Données Simulation 1'!I9=0,0,'Données Simulation 1'!I14/'Données Simulation 1'!I9) -> 14
B8: Temps utile | C8: =C7*C6 -> 165 | D8: =D7*D6 -> 338.25 | E8: =E7*E6 -> 314.5 | F8: =F7*F6 -> 253.5 | G8: =G7*G6 -> 435 | H8: =H7*H6 -> 164.5
B9: Temps d'ouverture | C9: ='Données Simulation 1'!$B$18 -> 720 | D9: ='Données Simulation 1'!$B$18 -> 720 | E9: ='Données Simulation 1'!$B$18 -> 720 | F9: ='Données Simulation 1'!$B$18 -> 720 | G9: ='Données Simulation 1'!$B$18 -> 720 | H9: ='Données Simulation 1'!$B$18 -> 720
B10: TRG | C10: =IF(C9=0,0,C8/C9) -> 0.22916667 | D10: =IF(D9=0,0,D8/D9) -> 0.46979167 | E10: =IF(E9=0,0,E8/E9) -> 0.43680556 | F10: =IF(F9=0,0,F8/F9) -> 0.35208333 | G10: =IF(G9=0,0,G8/G9) -> 0.60416667 | H10: =IF(H9=0,0,H8/H9) -> 0.22847222

Sheet Productivité
A1: Productivité
B3: Valeur ajoutée | C3: Attente | D3: Transports, déplacements | E3: Rebuts, reprises | F3: Opération surperflue | G3: Sur-production | H3: Total
H4: =SUM(B4:G4) -> 0
B6: Temps d'ouverture | C6: Temps brut de fonctionnement | D6: Temps net de fonctionnement | E6: Temps utile

Sheet Graphique des flux
A1: Graphique des flux
E2: Rentrez les valeurs de Transfert ici
J3: Transfert | R3: Transfert | Z3: Transfert | AH3: Transfert | AP3: Transfert
B4: Lanct. | C4: 0 | D4: 5 | E4: Tps. Gam. | M4: =M5+2 -> 15 | P4: =P5+2 -> 16 | U4: =U5+2 -> 15 | X4: =X5+2 -> 16 | AC4: =AC5+2 -> 15 | AF4: =AF5+2 -> 16 | AK4: =AK5+2 -> 15 | AN4: =AN5+2 -> 16 | AS4: =AS5+2 -> 15 | AV4: =AV5+2 -> 16
B5: Rect. | C5: ='Données Simulation 1'!P7*60+'Données Simulation 1'!Q7 -> 60 | D5: =C5-D4 -> 55 | E5: Att. | I5: =I6+2 -> 3 | L5: =L6+2 -> 4 | M5: =M6+2 -> 13 | P5: =P6+2 -> 14 | Q5: =Q6+2 -> 3 | T5: =T6+2 -> 4 | U5: =U6+2 -> 13 | X5: =X6+2 -> 14 | Y5: =Y6+2 -> 3 | AB5: =AB6+2 -> 4 | AC5: =AC6+2 -> 13 | AF5: =AF6+2 -> 14 | AG5: =AG6+2 -> 3 | AJ5: =AJ6+2 -> 4 | AK5: =AK6+2 -> 13 | AN5: =AN6+2 -> 14 | AO5: =AO6+2 -> 3 | AR5: =AR6+2 -> 4 | AS5: =AS6+2 -> 13 | AV5: =AV6+2 -> 14
D6: =TRG!F6 -> 9.75 | E6: Tps. Gam. | I6: 1 | L6: 2 | M6: =M7+2 -> 11 | P6: =P7+2 -> 12 | Q6: 1 | T6: 2 | U6: =U7+2 -> 11 | X6: =X7+2 -> 12 | Y6: 1 | AB6: 2 | AC6: =AC7+2 -> 11 | AF6: =AF7+2 -> 12 | AG6: 1 | AJ6: 2 | AK6: =AK7+2 -> 11 | AN6: =AN7+2 -> 12 | AO6: 1 | AR6: 2 | AS6: =AS7+2 -> 11 | AV6: =AV7+2 -> 12
B7: Etoile | C7: ='Données Simulation 1'!P8*60+'Données Simulation 1'!Q8 -> 300 | D7: =C7-C5-D6 -> 230.25 | E7: Att. | M7: =M8+2 -> 9 | P7: =P8+2 -> 10 | U7: =U8+2 -> 9 | X7: =X8+2 -> 10 | AC7: =AC8+2 -> 9 | AF7: =AF8+2 -> 10 | AK7: =AK8+2 -> 9 | AN7: =AN8+2 -> 10 | AS7: =AS8+2 -> 9 | AV7: =AV8+2 -> 10
D8: =TRG!D6 -> 16.5 | E8: Tps. Gam. | M8: =M9+2 -> 7 | P8: =P9+2 -> 8 | U8: =U9+2 -> 7 | X8: =X9+2 -> 8 | AC8: =AC9+2 -> 7 | AF8: =AF9+2 -> 8 | AK8: =AK9+2 -> 7 | AN8: =AN9+2 -> 8 | AS8: =AS9+2 -> 7 | AV8: =AV9+2 -> 8
B9: Vague | C9: ='Données Simulation 1'!P9*60+'Données Simulation 1'!Q9 -> 420 | D9: =C9-C7-D8 -> 103.5 | E9: Att. | M9: =M10+2 -> 5 | P9: =P10+2 -> 6 | U9: =U10+2 -> 5 | X9: =X10+2 -> 6 | AC9: =AC10+2 -> 5 | AF9: =AF10+2 -> 6 | AK9: =AK10+2 -> 5 | AN9: =AN10+2 -> 6 | AS9: =AS10+2 -> 5 | AV9: =AV10+2 -> 6
D10: =TRG!H6 -> 11.75 | E10: Tps. Gam. | M10: =M11+2 -> 3 | P10: =P11+2 -> 4 | U10: =U11+2 -> 3 | X10: =X11+2 -> 4 | AC10: =AC11+2 -> 3 | AF10: =AF11+2 -> 4 | AK10: =AK11+2 -> 3 | AN10: =AN11+2 -> 4 | AS10: =AS11+2 -> 3 | AV10: =AV11+2 -> 4
B11: Trian. | C11: ='Données Simulation 1'!P10*60+'Données Simulation 1'!Q10 -> 480 | D11: =C11-C9-D10 -> 48.25 | E11: Att. | M11: 1 | P11: 2 | U11: 1 | X11: 2 | AC11: 1 | AF11: 2 | AK11: 1 | AN11: 2 | AS11: 1 | AV11: 2
D12: =TRG!G6 -> 15 | E12: Tps. Gam. | N12: ='Données Simulation 1'!O15 -> 4 | V12: ='Données Simulation 1'!M15 -> 4 | AD12: ='Données Simulation 1'!Q15 -> 2 | AL12: ='Données Simulation 1'!P15 -> 8 | AT12: ='Données Simulation 1'!R15 -> 2
B13: Contr. | C13: ='Données Simulation 1'!P11*60+'Données Simulation 1'!Q11 -> 540 | D13: =C13-C11-D12 -> 45 | E13: Att. | N13: attente | V13: attente | AD13: attente | AL13: attente | AT13: attente
D14: 5 | E14: Tps. Gam.
C15: Total tps. Gam. | D15: =D14+D12+D10+D8+D6+D4 -> 63
D16: =SUM(D4:D14) -> 545
C17: Délai total
AB21: Total temps opératoires (a) | AC21: =D15 -> 63
AB23: Délai total (b) | AC23: =D16 -> 545
AB25: Ratio a / b | AC25: =AC21/AC23 -> 0.11559633

Sheet Enquête motivation
A1: Enquête Motivation
D3: non | E3: assez peu | F3: assez bien | G3: oui
C4: Question | D4: 1. | E4: 2. | F4: 3. | G4: 4.
B5: 1 | C5: Je dispose du matériel et des informations nécessaires pour bien faire mon travail.
B6: 2 | C6: Les conditions de travail (siège, éclairage, sécurité, etc.) sont bonnes.
B7: 3 | C7: Je connais les objectifs sur lesquels je suis évalué.
B8: 4 | C8: Je suis informé de la qualité de mon travail
B9: 5 | C9: J’ai des remerciements quand je fais du bon travail.
B10: 6 | C10: J’ai le sentiment de travailler en équipe, j’ai de bons contacts avec les autres ateliers.
B11: 7 | C11: Je comprends à quoi servent les produits que je fabrique et je connais les conséquences d’un défaut sur l’utilisation du produit.
B12: 8 | C12: Je suis fier d’appartenir à mon entreprise, j’ai le sentiment de contribuer à sa réussite.
D14: =SUM(D5:D12) -> 0 | E14: =SUM(E5:E12) -> 0 | F14: =SUM(F5:F12) -> 0 | G14: =SUM(G5:G12) -> 0
D16: Note | E16: =SUM(D14:G14)/32 -> 0

Sheet Performances Simul. 2
A1: Performances Simulation 2
C3: Indicateurs de performance
C4: Productivité / Coûts | E4: Délais | G4: Qualité | I4: Stocks
B5: Paleo | C5: 4 | D5: =10+C5 -> 14 | E5: 5 | F5: =60+5*E5 -> 85 | G5: 0.14 | H5: =MAX(100-G5*100*5,0) -> 30 | I5: 30 | J5: =8+I5*2/5 -> 20
B6: Concur. | C6: 2 | D6: =10+C6 -> 12 | E6: 2 | F6: =60+5*E6 -> 70 | G6: 0.06 | H6: =MAX(100-G6*100*5,0) -> 70 | I6: 20 | J6: =8+I6*2/5 -> 16
B7: Sim. 1 | C7: ='Données Simulation 1'!H20 -> 2.0377358 | D7: =10+C7 -> 12.037736 | E7: =('Données Simulation 1'!P11*60+'Données Simulation 1'!Q11)/60 -> 9 | F7: =60+5*E7 -> 105 | G7: ='Données Simulation 1'!J13 -> 0.20895522 | H7: =MAX(100-G7*100*5,0) -> 0 | I7: ='Données Simulation 1'!S15 -> 24 | J7: =8+I7*2/5 -> 17.6
B8: Obj. | D8: =10+C8 -> 10 | F8: =60+5*E8 -> 60 | H8: =MAX(100-G8*100*5,0) -> 100 | J8: =8+I8*2/5 -> 8
C9: Simulation 2
B10: Atel. 1 | D10: =10+C10 -> 10 | F10: =60+5*E10 -> 60 | H10: =MAX(100-G10*100*5,0) -> 100 | J10: =8+I10*2/5 -> 8
B11: Atel. 2 | D11: =10+C11 -> 10 | F11: =60+5*E11 -> 60 | H11: =MAX(100-G11*100*5,0) -> 100 | J11: =8+I11*2/5 -> 8
B12: Atel. 3 | D12: =10+C12 -> 10 | F12: =60+5*E12 -> 60 | H12: =MAX(100-G12*100*5,0) -> 100 | J12: =8+I12*2/5 -> 8
B14: Entrez les valeurs dans les cases blanches du tableau
B15: Pour la simulation 2, rentrez les résultats de chaque atelier sur une ligne.
B18: Résultats Atelier 1
B19: QUALITÉ | H19: DÉLAI de l'OF traceur
B20: Quantité produite totale (dans votre atelier) | E20: 24
B21: Quantité produite bonne Q | H21: STOCKS (total des en-cours)
B22: % non conformes | E22: =(24-E21)/24 -> 1
B23: PRODUCTIVITÉ
B24: Effectif (E) (de votre atelier)
B25: Temps d’ouverture (TO, en min.)
B26: Productivité = E x TO / Q (min. / produit fini) | E26: =IF(E24=0,"",E24*E25/E21)
B29: Résultats Atelier 2
B30: QUALITÉ | H30: DÉLAI de l'OF traceur
B31: Quantité produite totale (dans votre atelier) | E31: 24
B32: Quantité produite bonne Q | H32: STOCKS (total des en-cours)
B33: % non conformes | E33: =(24-E32)/24 -> 1
B34: PRODUCTIVITÉ
B35: Effectif (E) (de votre atelier)
B36: Temps d’ouverture (TO, en min.)
B37: Productivité = E x TO / Q (min. / produit fini) | E37: =IF(E35=0,"",E35*E36/E32)
B40: Résultats Atelier 3
B41: QUALITÉ | H41: DÉLAI de l'OF traceur
B42: Quantité produite totale (dans votre atelier) | E42: 24
B43: Quantité produite bonne Q | H43: STOCKS (total des en-cours)
B44: % non conformes | E44: =(24-E43)/24 -> 1
B45: PRODUCTIVITÉ
B46: Effectif (E) (de votre atelier)
B47: Temps d’ouverture (TO, en min.)
B48: Productivité = E x TO / Q (min. / produit fini) | E48: =IF(E46=0,"",E46*E47/E43)
