Workbook

Sheet Feuil1
B3: Repère des pièces | D3: 1 à 5 | E3: 6 à 10 | F3: 11 à 15 | G3: 16 à 20 | H3: 21 à 25 | I3: 26 à 30 | J3: 31 à 35 | K3: 36 à 40 | L3: 41 à 45 | M3: 46 à 50
B4: Résultats des mesures | D4: 11.87 | E4: 11.87 | F4: 11.91 | G4: 11.89 | H4: 11.91 | I4: 11.85 | J4: 11.928 | K4: 11.939 | L4: 11.945 | M4: 11.982
D5: 11.86 | E5: 11.85 | F5: 11.9 | G5: 11.91 | H5: 11.92 | I5: 11.91 | J5: 11.904 | K5: 11.929 | L5: 11.951 | M5: 11.942
D6: 11.84 | E6: 11.86 | F6: 11.86 | G6: 11.89 | H6: 11.93 | I6: 11.92 | J6: 11.911 | K6: 11.94 | L6: 11.941 | M6: 11.977 | P6: A'C | Q6: 0.594 | S6: LCS | T6: =N10+Q6*N11 -> 11.934716
D7: 11.88 | E7: 11.84 | F7: 11.88 | G7: 11.88 | H7: 11.89 | I7: 11.93 | J7: 11.943 | K7: 11.947 | L7: 11.927 | M7: 11.953 | P7: A'S | Q7: 0.377 | S7: LCI | T7: =N10-Q6*N11 -> 11.882444
D8: 11.87 | E8: 11.89 | F8: 11.87 | G8: 11.92 | H8: 11.9 | I8: 11.9 | J8: 11.954 | K8: 11.921 | L8: 11.947 | M8: 11.948 | P8: D'C2 | Q8: 2.36 | S8: LSS | T8: =N10+Q7*N11 -> 11.925168
B9: S xi | D9: =SUM(D4:D8) -> 59.32 | E9: =SUM(E4:E8) -> 59.31 | F9: =SUM(F4:F8) -> 59.42 | G9: =SUM(G4:G8) -> 59.49 | H9: =SUM(H4:H8) -> 59.55 | I9: =SUM(I4:I8) -> 59.51 | J9: =SUM(J4:J8) -> 59.64 | K9: =SUM(K4:K8) -> 59.676 | ... M9: =SUM(M4:M8) -> 59.802 | P9: D'S2 | Q9: 1.81 | S9: LSI | T9: =N10-Q7*N11 -> 11.891992
B10: Moyenne | D10: =AVERAGE(D4:D8) -> 11.864 | E10: =AVERAGE(E4:E8) -> 11.862 | F10: =AVERAGE(F4:F8) -> 11.884 | G10: =AVERAGE(G4:G8) -> 11.898 | H10: =AVERAGE(H4:H8) -> 11.91 | I10: =AVERAGE(I4:I8) -> 11.902 | J10: =AVERAGE(J4:J8) -> 11.928 | K10: =AVERAGE(K4:K8) -> 11.9352 | ... M10: =AVERAGE(M4:M8) -> 11.9604 | N10: =AVERAGE(D10:M10) -> 11.90858 | S10: LC2 | T10: =Q8*N11 -> 0.10384
B11: Etendue R | D11: =MAX(D4:D8)-MIN(D4:D8) -> 0.04 | E11: =MAX(E4:E8)-MIN(E4:E8) -> 0.05 | F11: =MAX(F4:F8)-MIN(F4:F8) -> 0.05 | G11: =MAX(G4:G8)-MIN(G4:G8) -> 0.04 | H11: =MAX(H4:H8)-MIN(H4:H8) -> 0.04 | I11: =MAX(I4:I8)-MIN(I4:I8) -> 0.08 | J11: =MAX(J4:J8)-MIN(J4:J8) -> 0.05 | K11: =MAX(K4:K8)-MIN(K4:K8) -> 0.026 | ... M11: =MAX(M4:M8)-MIN(M4:M8) -> 0.04 | N11: =AVERAGE(D11:M11) -> 0.044 | S11: LS2 | T11: =Q9*N11 -> 0.07964

Sheet Question 6
B2: Minimum | C2: =MIN(Feuil1!D4:M8) -> 11.84
B3: Maximum | C3: =MAX(Feuil1!D4:M8) -> 11.982
B4: Etendue | C4: =C3-C2 -> 0.142
B5: Nb de données | C5: 50
B6: Nb de classes | C6: =SQRT(C5) -> 7.0710678
B7: Amplitude d'une classe | C7: =C4/C6+0.001 -> 0.021081833
E9: Classes | G9: ni | H9: ECC Ni | I9: FCC Fi | J9: Quantile théorique
E10: =C2 -> 11.84 | F10: =E10+$C$7 -> 11.861082 | G10: {=FREQUENCY(Feuil1!D4:M8,'Question 6'!F10:F16)} -> 7 | H10: =G10 -> 7 | I10: =H10/$G$17 -> 0.14 | J10: =_xlfn.NORM.S.INV(I10) -> -1.0803193
E11: =F10 -> 11.861082 | F11: =E11+$C$7 -> 11.882164 | G11: 7 | H11: =H10+G11 -> 14 | I11: =H11/$G$17 -> 0.28 | J11: =_xlfn.NORM.S.INV(I11) -> -0.58284151
E12: =F11 -> 11.882164 | F12: =E12+$C$7 -> 11.903245 | G12: 7 | H12: =H11+G12 -> 21 | I12: =H12/$G$17 -> 0.42 | J12: =_xlfn.NORM.S.INV(I12) -> -0.20189348
E13: =F12 -> 11.903245 | F13: =E13+$C$7 -> 11.924327 | G13: 10 | H13: =H12+G13 -> 31 | I13: =H13/$G$17 -> 0.62 | J13: =_xlfn.NORM.S.INV(I13) -> 0.30548079
E14: =F13 -> 11.924327 | F14: =E14+$C$7 -> 11.945409 | G14: 11 | H14: =H13+G14 -> 42 | I14: =H14/$G$17 -> 0.84 | J14: =_xlfn.NORM.S.INV(I14) -> 0.99445788
E15: =F14 -> 11.945409 | F15: =E15+$C$7 -> 11.966491 | G15: 6 | H15: =H14+G15 -> 48 | I15: =H15/$G$17 -> 0.96 | J15: =_xlfn.NORM.S.INV(I15) -> 1.7506861
E16: =F15 -> 11.966491 | F16: =E16+$C$7 -> 11.987573 | G16: 2 | H16: =H15+G16 -> 50 | I16: =H16/$G$17 -> 1 | J16: =_xlfn.NORM.S.INV(I16) -> #NUM!
G17: =SUM(G10:G16) -> 50
F36: Sigma | G36: =Feuil1!N11/2.326 -> 0.018916595
F38: Cp | G38: =0.15/(6*G36) -> 1.3215909
F39: Cpk | G39: =MIN((Feuil1!N10-11.85)/(3*G36),(12-Feuil1!N10)/(3*'Question 6'!G36)) -> 1.0322506
